E,j
0.057333618903401197,-12.28835634308234
0.0579765524925175,-10.586313197466438
0.0579765524925175,17.637552052633509
0.0586474397159433,18.608703237116515
0.0586474397159433,27.128930833077103
0.059318326939369302,27.609500491378071
0.059318326939369302,31.744478743742771
0.059989214162794902,31.744478743742771
0.059989214162794902,33.456533757239868
0.060660101386220598,33.696716163189421
0.060660101386220598,34.667867347672654
0.061330988609646198,34.667867347672654
0.061330988609646198,35.398759308805325
0.061973922198762701,35.638941714754992
0.061973922198762701,36.369833675887662
0.062672763056497993,36.369833675887662
0.062672763056497993,37.100700031220413
0.0633436502799236,37.340882437169967
0.0633436502799236,37.591051105200677
0.064014537503349095,37.591051105200677
0.064014537503349095,37.831233511150231
0.064685424726774896,37.831233511150231
0.064685424726774896,38.311828775251342
0.065328358315891399,38.311828775251342
0.065328358315891399,38.812422169314686
0.0666701542105443,38.812422169314686
0.0666701542105443,38.311828775251342
0.067341041433969906,38.311828775251342
0.067341041433969906,38.812422169314686
0.068011928657395596,38.812422169314686
0.068011928657395596,39.303003695496962
0.068682815880821396,39.303003695496962
0.068682815880821396,39.052578969464093
0.0693257494699379,39.052578969464093
0.0693257494699379,38.572009311163129
0.0706675382153234,38.572009311163129
0.071338425438749201,38.812191717112803
0.071338425438749201,38.572009311163129
0.072009312662175001,38.572009311163129
0.072009312662175001,38.07139031129941
0.072680199885600594,38.07139031129941
0.072680199885600594,37.83120790534997
0.075335838040596806,37.83120790534997
0.075335838040596806,37.591025499400416
0.076006725264022607,37.591025499400416
0.076006725264022607,37.340856831369706
0.076677612487448199,37.340856831369706
0.076677612487448199,37.100674425420152
0.077348499710873903,37.100674425420152
0.077348499710873903,36.860492019470485
0.077991433299990406,36.860492019470485
0.077991433299990406,36.610067293437851
0.079333229194643098,36.610067293437851
0.079333229194643098,36.369884887488297
0.080004116418068899,36.369884887488297
0.080004116418068899,36.129702481538629
0.082659754573064903,36.129702481538629
0.082659754573064903,35.889520075589083
0.083330641796490496,35.889520075589083
0.083330641796490496,35.639095349556214
0.084001529019916504,35.639095349556214
0.084001529019916504,35.398912943606661
0.084672416243342305,35.398912943606661
0.0853428316151401,35.158628114456064
0.0853428316151401,34.668020982473649
0.0860137188385659,34.668020982473649
0.0860137188385659,34.427838576524096
0.086656652427682307,34.427838576524096
0.086656652427682307,34.668020982473649
0.087327539651107899,34.668020982473649
0.087327539651107899,35.158628114456064
0.0879984268745337,35.158628114456064
0.088669314097959501,34.908203388423317
0.088669314097959501,34.668020982473649
0.089340201321385301,34.668020982473649
0.089340201321385301,34.427838576524096
0.089340201321385301,34.668020982473649
0.090654980135716795,34.668020982473649
0.090654980135716795,34.427838576524096
0.094680360670407998,34.427838576524096
0.094680360670407998,34.177413850491348
0.098649841085747203,34.177413850491348
0.098649841085747203,34.427838576524096
0.099991629831132897,34.427838576524096
0.099991629831132897,34.668020982473649
0.1013334257257858,34.668020982473649
0.1013334257257858,34.908203388423317
0.1020043129492116,34.908203388423317
0.10264724653832789,34.668020982473649
0.1033181337617534,34.668020982473649
0.1033181337617534,35.158628114456064
0.1039890209851794,35.158628114456064
0.1039890209851794,35.889494469788815
0.1046599082086052,35.889494469788815
0.1046599082086052,35.639069743755954
0.1060017041032579,35.639069743755954
0.1060017041032579,35.889494469788815
0.10667259132668371,35.889494469788815
0.10667259132668371,36.610374563040182
0.1073155249157999,36.860799289073043
0.1073155249157999,37.100981695022597
0.1079864121392255,37.100981695022597
0.1079864121392255,37.591563221204872
0.1086572993626515,37.591563221204872
0.1086572993626515,38.072132879505602
0.1093281865860771,38.312571343457421
0.1093281865860771,38.813164737520879
0.1099990738095029,38.813164737520879
0.1099990738095029,39.303746263703147
0.1106699610329287,39.303746263703147
0.1106699610329287,39.543928669652587
0.11131289462204511,39.543928669652587
0.11131289462204511,40.515105459935967
0.1119837818454707,40.515105459935967
0.1119837818454707,41.976863776401387
0.1126546690688965,41.976863776401387
0.1126546690688965,43.188299790034989
0.1133255562923221,43.188299790034989
0.1133255562923221,44.169488448199559
0.1139964435157481,44.409670854149113
0.1139964435157481,45.380847644432265
0.1146670590670244,46.351000202707162
0.1146673307391739,45.380847644432265
0.1146673307391739,45.621030050382046
0.11533794629044999,46.601168870737752
0.11533794629044999,48.303212016353655
0.1159808798795665,48.303212016353655
0.1159808798795665,50.736147123102455
0.1166517671029923,50.976329529052009
0.1166517671029923,53.409239030000442
0.11732265432641779,53.409239030000442
0.11732265432641779,56.813325321232362
0.11799354154984359,57.053507727181852
0.11799354154984359,60.457594018413722
0.1186644287732696,60.708018744446576
0.1186644287732696,62.890657154163534
0.1193353159966952,63.141081880196282
0.1193353159966952,65.814276210295077
0.11997824958581139,66.054458616244801
0.11997824958581139,68.977975249175643
0.1206491368092372,69.21815765512531
0.1206491368092372,73.112825472539271
0.121320024032663,73.353263936490976
0.121320024032663,78.469379635419727
0.1219909112560888,78.949974899520839
0.1219909112560888,83.335224243117011
0.1226617984795144,83.815819507217952
0.1226617984795144,86.979595363499072
0.1233326857029402,87.21977776944874
0.1233326857029402,90.143294402379638
0.12400357292636589,90.383476808329306
0.12400357292636589,92.816411915077936
0.1246465065154822,92.816411915077936
0.1246465065154822,95.499618113058204
0.12531739373890799,95.499618113058204
0.12531739373890799,99.634596365422922
0.1259882809623338,99.885021091455599
0.1259882809623338,101.82734906622198
0.12665916818575959,101.82734906622198
0.12665916818575959,100.85617227593885
0.12733005540918541,100.60600360790812
0.12733005540918541,98.903960462292162
0.12800094263261089,98.663778056342665
0.12800094263261089,96.230868555394125
0.1286718298560367,95.990686149444642
0.1286718298560367,93.057183254432559
0.12931476344515319,92.576613596131779
0.12931476344515319,86.4892955011195
0.12998565066857901,86.008725842818535
0.12998565066857901,77.979079773040041
0.1306565378920046,77.738897367090374
0.1306565378920046,72.382471233210993
0.1313274251154303,72.142288827261439
0.1313274251154303,68.247621009847535
0.13199831233885609,68.007438603897981
0.13199831233885609,64.353055615634389
0.1326691995622819,64.112873209684835
0.1326691995622819,60.949071747603455
0.1333121331513982,60.708889341653787
0.1333121331513982,56.083355168907246
0.13398302037482401,55.843172762957693
0.13398302037482401,51.708194510592989
0.1346539075982498,51.468012104643549
0.1346539075982498,48.784805906663223
0.13532479482167531,48.784805906663223
0.13532479482167531,46.351870799914423
0.1359956820451011,46.111688393964869
0.1359956820451011,44.409645248348966
0.1366665692685271,44.409645248348966
0.1366665692685271,43.188171761033921
0.1373374564919527,43.188171761033921
0.1373374564919527,42.217020576550802
0.13798039008106899,42.217020576550802
0.13798039008106899,41.245843786267642
0.1386512773044947,41.245843786267642
0.1386512773044947,40.274692601784409
0.13932216452792051,40.274692601784409
0.13932216452792051,39.543800640651739
0.1399930517513463,39.303618234702071
0.1399930517513463,38.572751879369441
0.14063598534046259,38.572751879369441
0.14063598534046259,37.831848050355347
0.1413348261981977,37.831848050355347
0.1413348261981977,37.100981695022597
0.14197775978731419,37.100981695022597
0.14197775978731419,36.860799289073043
0.1426486470107397,36.860799289073043
0.1426486470107397,36.610374563040182
0.14331953423416549,36.610374563040182
0.14331953423416549,35.639197772757029
0.14399042145759131,35.639197772757029
0.14399042145759131,35.158628114456064
0.14399099339895821,34.906897492612529
0.1446618806223838,34.906897492612529
0.1446618806223838,35.157322218645277
0.14597571573346019,35.157322218645277
0.14597571573346019,34.666715086662975
0.14664660295688581,34.666715086662975
0.14664660295688581,34.176133560480707
0.14731749018031159,34.176133560480707
0.14731749018031159,33.935951154531153
0.1486592860749644,33.935951154531153
0.1486592860749644,33.695768748581486
0.14933017329838999,33.695768748581486
0.14933017329838999,33.455586342631932
0.15000106052181561,33.455586342631932
0.15000106052181561,33.205161616599071
0.15131489563289199,33.205161616599071
0.15131489563289199,32.964979210649517
0.15131489563289199,33.205161616599071
0.15265669152754491,33.205161616599071
0.15265669152754491,32.964979210649517
0.153970533787888,32.964979210649517
0.153970533787888,32.724796804700077
0.15464142101131381,32.724796804700077
0.15464142101131381,32.474372078667216
0.15665411127865941,32.474372078667216
0.15665411127865941,32.234189672717662
0.1593097494336555,32.234189672717662
0.1593097494336555,32.474372078667216
0.15998063665708129,32.474372078667216
0.15998063665708129,32.234189672717662
0.16132243255173409,32.234189672717662
0.16132243255173409,31.994007266767994
0.1626642212971196,31.994007266767994
0.1626642212971196,31.50342574058584
0.16333510852054539,31.50342574058584
0.16333510852054539,31.263243334636169
0.16400599574397121,31.263243334636169
0.16400599574397121,31.50342574058584
0.16467688296739699,31.50342574058584
0.16467688296739699,31.994007266767994
0.16534777019082281,31.994007266767994
0.16534777019082281,32.234189672717662
0.16534777019082281,31.743608146535397
0.16601865741424829,31.743608146535397
0.16601865741424829,31.263038488234429
0.16666159100336481,31.263038488234429
0.16666159100336481,31.503220894184096
0.16867428127071049,31.503220894184096
0.16867428127071049,31.263038488234429
0.17001607001609589,31.263038488234429
0.17001607001609589,31.503220894184096
0.17200081379839921,31.503220894184096
0.17200081379839921,31.263038488234429
0.172671701021825,31.263038488234429
0.172671701021825,31.022600024282724
0.17401349691647791,31.022600024282724
0.17468471300618921,31.021780638675978
0.17468471300618921,30.771611970645267
0.1753276465953057,30.771611970645267
0.17599853381873151,31.021780638675978
0.17868211845876991,31.021780638675978
0.17868211845876991,31.262219102627569
0.1793530056821957,31.262219102627569
0.1793530056821957,30.771611970645267
0.17999593927131191,30.771611970645267
0.17999593927131191,30.531429564695717
0.1806668264947377,30.531429564695717
0.1806668264947377,31.022011090877982
0.18200862238939039,31.022011090877982
0.18200862238939039,30.771842422847271
0.1833504182840433,30.291272764546303
0.1833504182840433,30.771842422847271
0.18399335187315949,30.771842422847271
0.18399335187315949,31.262449554829573
0.18399335187315949,31.022011090877982
0.1846642390965853,31.022011090877982
0.1846642390965853,30.771842422847271
0.18533512632001109,30.771842422847271
0.18533512632001109,30.531660016897721
0.18667692221466381,30.531660016897721
0.18667692221466381,30.771842422847271
0.1873478094380896,30.771842422847271
0.1873478094380896,30.531660016897721
0.18799074302720581,30.531660016897721
0.18799074302720581,30.29147761094805
0.19000343329455149,30.29147761094805
0.1906743205179772,30.531660016897721
0.19265905715101339,30.531660016897721
0.19265905715101339,30.29147761094805
0.19332994437443909,30.29147761094805
0.19400083159786491,30.531660016897721
0.1946717188212905,30.531660016897721
0.1946717188212905,30.29147761094805
0.1973273498270198,30.29147761094805
0.1973273498270198,30.531660016897721
0.19866914572167221,30.531660016897721
0.199340032945098,30.29147761094805
0.20132477672740129,30.29147761094805
0.20132477672740129,30.041052884915302
0.2019956639508271,30.041052884915302
0.2019956639508271,29.800870478965635
0.2026665511742527,30.041052884915302
0.2026665511742527,30.29147761094805
0.2033374383976784,30.29147761094805
0.2033374383976784,30.531660016897721
0.20400832562110449,30.531660016897721
0.20400832562110449,30.29147761094805
0.2046785479626913,30.290760648541891
0.2046785479626913,30.040335922509144
0.2053214815518076,30.040335922509144
0.2053214815518076,29.80015351655948
0.2053214815518076,30.040335922509144
0.2106607043468422,30.040335922509144
0.2106607043468422,29.80015351655948
0.2126743812130453,29.80015351655948
0.2126743812130453,29.559971110609919
0.2160009137407343,29.559971110609919
0.2160009137407343,29.319532646658217
0.2160009137407343,29.559971110609919
0.21798565037377049,29.559971110609919
0.21865653759719619,29.319532646658217
0.21932742482062201,29.319532646658217
0.21932742482062201,29.069363978627507
0.21932742482062201,29.319532646658217
0.21999831204404779,29.559971110609919
0.22066919926747339,29.319532646658217
0.22066919926747339,29.069363978627507
0.2213400864908992,29.069363978627507
0.2213400864908992,28.829181572678067
0.22198302008001539,28.829181572678067
0.22198302008001539,29.319763098860221
0.2226539073034414,29.319763098860221
0.2226539073034414,29.56020156281193
0.22332479452686699,29.56020156281193
0.22332479452686699,29.319763098860221
0.22399568175029261,29.319763098860221
0.22399568175029261,28.829181572678067
0.22466656897371839,28.829181572678067
0.22466656897371839,29.069363978627507
0.2266513056067547,29.069363978627507
0.2266513056067547,28.829181572678067
0.2286639958741003,28.829181572678067
0.2286639958741003,29.069363978627507
0.22933488309752609,29.069363978627507
0.22933488309752609,28.829181572678067
0.23000577032095171,28.829181572678067
0.23000577032095171,28.588999166728399
0.23266140847594771,28.588999166728399
0.23266140847594771,28.338574440695648
0.2340031972213332,28.338574440695648
0.2366582062408262,28.338164747892165
0.2366582062408262,28.588589473925023
0.23732909346425179,28.588589473925023
0.23732909346425179,28.338164747892165
0.2379999806876775,28.338164747892165
0.2379999806876775,28.097982341942611
0.23931381579875369,28.097982341942611
0.23931381579875369,27.857799935993057
0.2399847030221795,27.857799935993057
0.2399847030221795,27.6073752099602
0.24065559024560551,27.6073752099602
0.24065559024560551,27.367192804010759
0.2413264774690313,27.367192804010759
0.2413264774690313,27.6073752099602
0.24199736469245689,27.857799935993057
0.24199736469245689,28.097982341942611
0.2426682519158824,28.097982341942611
0.2426682519158824,27.6073752099602
0.24333913913930849,27.6073752099602
0.24333913913930849,27.367192804010759
0.2439820727284247,27.367192804010759
0.2439820727284247,27.6073752099602
0.24599476299577039,27.6073752099602
0.24599476299577039,27.367192804010759
0.2466656502191959,27.367192804010759
0.2466656502191959,27.127010398061088
0.24733653744262171,27.127010398061088
0.24733653744262171,27.367192804010759
0.2486503725536979,27.367192804010759
0.2486503725536979,27.127010398061088
0.24932125977712391,27.127010398061088
0.24932125977712391,26.886827992111531
0.25197689078285279,26.886827992111531
0.25197689078285279,26.636403266078677
0.25466048257215812,26.636403266078677
0.25466048257215812,26.39622086012912
0.25533136979558407,26.39622086012912
0.25533136979558407,26.636403266078677
0.25600225701900992,26.636403266078677
0.25600225701900992,26.39622086012912
0.25664519060812618,26.39622086012912
0.25664519060812618,25.905639333946851
0.25798697935351189,25.905639333946851
0.2586578665769374,26.155808001977562
0.25932875380036302,26.155808001977562
0.25932875380036302,25.905639333946851
0.25997168738947951,25.665200869995147
0.25997168738947951,25.425018464045479
0.25997168738947951,25.665200869995147
0.26067052824721482,25.665200869995147
0.26067052824721482,25.905639333946851
0.26131346183633108,25.905639333946851
0.26131346183633108,26.155808001977562
0.26131346183633108,25.905639333946851
0.26201230269406611,25.665200869995147
0.26201230269406611,25.174619343812992
0.2639970393271025,25.174619343812992
0.2646683412080188,25.173031784199448
0.26533922843144481,24.932849378250008
0.26601011565487059,24.932849378250008
0.26601011565487059,24.692666972300454
0.26799485228790648,24.692666972300454
0.26799485228790648,24.45248456635079
0.26933664818255959,24.45248456635079
0.26933664818255959,24.202059840318043
0.27000753540598521,24.202059840318043
0.27000753540598521,23.961877434368372
0.2713493313006381,23.961877434368372
0.2713493313006381,23.721695028418821
0.27199226488975431,23.721695028418821
0.2726631521131801,23.47127030238596
0.27333403933660572,23.47127030238596
0.2740049265600315,23.23108789643652
0.2760176168273773,23.23108789643652
0.2760176168273773,22.990905490486966
0.2766605504164934,22.990905490486966
0.2766605504164934,22.750723084537299
0.27733143763991891,22.750723084537299
0.27733143763991891,22.500298358504551
0.27800232486334497,22.500298358504551
0.27800232486334497,22.260115952555001
0.27867321208677071,22.260115952555001
0.27867321208677071,21.769534426372729
0.28001500083215619,21.769534426372729
0.28001500083215619,22.01995915240548
0.28065793442127268,22.01995915240548
0.28065793442127268,21.769534426372729
0.2813288216446983,21.769534426372729
0.2813288216446983,21.529352020423062
0.28199970886812381,21.289169614473622
0.28334150476277697,21.289169614473622
0.28334150476277697,21.03874488844076
0.28401239198620248,21.03874488844076
0.28401239198620248,20.798562482491207
0.28532622709727889,20.798562482491207
0.28532622709727889,20.558380076541653
0.28733891736462458,20.558380076541653
0.28733891736462458,20.067798550359385
0.28800980458805009,20.067798550359385
0.28800980458805009,19.827616144409831
0.28868069181147588,19.827616144409831
0.28868069181147588,19.587433738460163
0.2899945340718193,19.587433738460163
0.2899945340718193,19.33726507042968
0.29133632996647219,19.33726507042968
0.29133632996647219,19.097082664480013
0.29200721718989792,19.097082664480013
0.29200721718989792,18.856644200528308
0.2926781044133237,18.856644200528308
0.2926781044133237,18.606475532497711
0.2939919466736669,18.606475532497711
0.29533387840439551,18.603735711874489
0.29533387840439551,18.363553305924938
0.2960047656278213,18.123370899975271
0.2960047656278213,17.883188494025717
0.29731860788816439,17.883188494025717
0.29731860788816439,17.392606967843449
0.2979894951115904,17.392606967843449
0.2979894951115904,17.142182241810815
0.29866038233501618,17.142182241810815
0.29933126955844203,17.392606967843449
0.30067327993110582,17.392606967843449
0.30067327993110582,17.142182241810815
0.30131621352022209,16.901999835861147
0.30131621352022209,16.661817429911594
0.3019871007436476,16.661817429911594
0.3019871007436476,16.42163502396204
0.30332889663830048,16.42163502396204
0.30332889663830048,16.181452618012372
0.30399978386172632,16.181452618012372
0.30399978386172632,15.931027891979625
0.30531362612206941,15.931027891979625
0.30531362612206941,15.690845486029955
0.30665542201672258,15.690845486029955
0.30665542201672258,15.440420759997323
0.30732630924014809,15.440420759997323
0.30732630924014809,15.200238354047656
0.30933899950749377,15.200238354047656
0.30933899950749377,14.960055948098102
0.30998193309660999,14.960055948098102
0.30998193309660999,14.719873542148548
0.31132372184199569,14.719873542148548
0.31132372184199569,14.469448816115689
0.31199460906542148,14.469448816115689
0.31199460906542148,14.229266410166131
0.3133364049600742,14.229266410166131
0.3133364049600742,13.989084004216464
0.31465024007115061,13.989084004216464
0.31465024007115061,13.738915336185984
0.31532112729457618,13.738915336185984
0.31532112729457618,13.498476872234278
0.31599201451800191,13.498476872234278
0.31599201451800191,13.25829446628461
0.31666290174142769,13.25829446628461
0.31666290174142769,13.008125798254014
0.3173337889648537,13.008125798254014
0.3173337889648537,12.767943392304346
0.31931852559788959,12.767943392304346
0.31998941282131538,12.527760986354792
0.31998941282131538,12.287578580405238
0.32264505097631169,12.287578580405238
0.32264505097631169,12.037153854372493
0.3233159381997372,12.037153854372493
0.3233159381997372,11.796971448422935
0.32398682542316282,11.796971448422935
0.3239869112143694,11.554407703052902
0.32599960148171497,11.554407703052902
0.32599960148171497,11.303982977020269
0.32667048870514082,11.303982977020269
0.32667048870514082,11.063800571070717
0.32798433096548391,11.063800571070717
0.32798433096548391,10.823618165121047
0.32865521818890969,10.823618165121047
0.32865521818890969,10.5731934390883
0.3313108491946386,10.5731934390883
0.3313108491946386,10.333011033138632
0.33198173641806461,10.333011033138632
0.33198173641806461,10.092828627189078
0.3333235251634501,10.092828627189078
0.3333235251634501,9.8526462212395245
0.33399441238687588,9.8526462212395245
0.33399441238687588,9.6022214952067753
0.3366500433926049,9.6022214952067753
0.3366500433926049,9.3620390892572232
0.33732093061603052,9.3620390892572232
0.33799181783945631,9.1218566833075556
0.3386627050628821,9.1218566833075556
0.33933359228630788,8.8714319572748082
0.3399765258754241,8.8714319572748082
0.3399765258754241,8.6312495513251406
0.34131832177007682,8.6312495513251406
0.34131832177007682,8.3910671453755867
0.34266011766472992,8.3910671453755867
0.34266011766472992,8.140642419342953
0.3453157486704585,8.140642419342953
0.34598663589388429,7.9004600133932854
0.34799932616122992,7.9004600133932854
0.34799932616122992,7.6602776074437315
0.34864225975034618,7.6602776074437315
0.34864225975034618,7.420095201494064
0.35065495001769209,7.420095201494064
0.35065495001769209,7.1699265334634674
0.3526676402850375,7.1699265334634674
0.35331057387415371,6.9297441275139136
0.35398146109757977,6.9297441275139136
0.35465254135121649,6.9283870201022637
0.35465254135121649,6.6879485561504453
0.3559943372458691,6.6879485561504453
0.3559943372458691,6.4377798881198487
0.35663727083498542,6.4377798881198487
0.35663727083498542,6.6879485561504453
0.35730815805841121,6.6879485561504453
0.35730815805841121,6.4377798881198487
0.35864995395306382,6.4377798881198487
0.35864995395306382,6.1975974821702948
0.36200444011506239,6.1975974821702948
0.36267532733848817,5.9574150762206273
0.36466007112079118,5.9574150762206273
0.36466007112079118,5.7172326702710734
0.36600185986617689,5.7172326702710734
0.36600185986617689,5.9574150762206273
0.36600185986617689,5.7172326702710734
0.36734365576082978,5.7172326702710734
0.36734365576082978,5.4668079442382123
0.36999928676655869,5.4668079442382123
0.36999928676655869,5.2266255382887721
0.3706701739899842,5.2266255382887721
0.37134106121341021,5.4668079442382123
0.37265490347375357,5.4668079442382123
0.37265490347375357,5.2266255382887721
0.37466759374109898,5.2266255382887721
0.37466759374109898,4.9864431323392182
0.37600938963575192,4.9864431323392182
0.37600938963575192,5.2266255382887721
0.37732322474682828,5.2266255382887721
0.37732322474682828,4.9864431323392182
0.3833333490638226,4.9864431323392182
0.38400442931745982,4.9859566221350633
0.38400442931745982,4.7355318961022022
0.389343652112494,4.7355318961022022
0.389343652112494,4.4953494901526483
0.39065749437283759,4.4953494901526483
0.39065749437283759,4.7355318961022022
0.392670184640183,4.7355318961022022
0.392670184640183,4.4953494901526483
0.39465492127321949,4.4953494901526483
0.39465492127321949,4.2551670842029807
0.39532580849664511,4.2551670842029807
0.39532580849664511,4.4953494901526483
0.40066503129167969,4.4953494901526483
0.40066503129167969,4.2551670842029807
0.40133591851510531,4.2551670842029807
0.4019788521042213,4.4953494901526483
0.4026497393276473,4.4953494901526483
0.40332062655107309,4.2551670842029807
0.40466241529645858,4.2551670842029807
0.40466241529645858,4.4953494901526483
0.40533330251988459,4.4953494901526483
0.40600418974331021,4.2551670842029807
0.4066471233324262,4.2551670842029807
0.40731801055585221,4.4953494901526483
0.40865979930123769,4.4953494901526483
0.40865979930123769,4.2551670842029807
0.40933068652466348,4.2551670842029807
0.41000157374808949,4.4953494901526483
0.41064450733720559,4.4953494901526483
0.41064450733720559,4.2551670842029807
0.4119862960825913,4.2551670842029807
0.4119862960825913,4.4953494901526483
0.41332809197724391,4.4953494901526483
0.41332809197724391,4.2551670842029807
0.41399897920066991,4.2551670842029807
0.41467006660357408,4.2550646610021658
0.41467006660357408,4.4952470669517197
0.4153130001926903,4.4952470669517197
0.4153130001926903,4.2550646610021658
0.41998132861503201,4.2550646610021658
0.41998132861503201,4.0046399349693047
0.41998132861503201,4.2550646610021658
0.42199401888237759,4.2550646610021658
0.42199401888237759,4.4952470669517197
0.42266490610580321,4.4952470669517197
0.42266490610580321,4.2550646610021658
0.42464964273883948,4.2550646610021658
0.42464964273883948,4.0046399349693047
0.4259914386334922,4.0046399349693047
0.4259914386334922,4.2550646610021658
0.43599898270160148,4.2550646610021658
0.43599898270160148,4.0046399349693047
0.43664191629071758,4.0046399349693047
0.43664191629071758,4.2550646610021658
0.44198113908575221,4.2550646610021658
0.44198113908575221,4.0046399349693047
0.44265202630917772,4.0046399349693047
0.44265202630917772,4.2550646610021658
0.4433229135326035,4.2550646610021658
0.44396179348728171,4.2550902668023127
0.44396179348728171,4.0046655407695653
0.44530358223266719,4.0046655407695653
0.44530358223266719,4.2550902668023127
0.44664537812732008,4.2550902668023127
0.44664537812732008,4.0046655407695653
0.44798717402197291,4.0046655407695653
0.44798717402197291,4.2550902668023127
0.44930101628231628,4.2550902668023127
0.44930101628231628,4.0046655407695653
0.45329844318269807,4.0046655407695653
0.45329844318269807,4.2550902668023127
0.45464023907735091,4.2550902668023127
0.45464023907735091,4.0046655407695653
0.46065035624507811,4.0046655407695653
0.46065035624507811,3.7644831348198977
0.46199627726684001,3.7644831348198977
0.46199627726684001,4.0046655407695653
0.46333806601222571,4.0046655407695653
0.46333806601222571,3.7644831348198977
0.46467986190687838,3.7644831348198977
0.46467986190687838,4.0046655407695653
0.46599371846575588,4.0046655407695653
0.46599371846575588,3.7644831348198977
0.4673354929126074,3.7644831348198977
0.4673354929126074,4.0046655407695653
0.4686772673594588,4.0046655407695653
0.4686772673594588,3.7644831348198977
0.47334559578180041,3.7644831348198977
0.48066694572738439,3.7644063174192297
0.48066694572738439,3.5242239114696758
0.48133754698012687,3.5242239114696758
0.48133754698012687,3.7644063174192297
0.48533498817904253,3.7644063174192297
0.48533498817904253,3.5242239114696758
0.48667676262589432,3.5242239114696758
0.48667676262589432,3.7644063174192297
0.48731948173699791,3.7644063174192297
0.48799008298974011,3.5242239114696758
0.48933185743659169,3.5242239114696758
0.48933185743659169,3.7644063174192297
0.49000245868933412,3.7644063174192297
0.49000245868933412,3.5242239114696758
0.49198716672530168,3.5242239114696758
0.49198716672530168,3.7644063174192297
0.49265776797804411,3.7644063174192297
0.49265776797804411,3.5242239114696758
0.50330824563526955,3.5242239114696758
0.50999238140540637,3.5242239114696758
0.50999238140540637,3.2840415055200083
0.51066298265814858,3.2840415055200083
0.51066298265814858,3.5242239114696758
0.51865786505598055,3.5242239114696758
0.51865786505598055,3.2840415055200083
0.51932846630872276,3.2840415055200083
0.51999906756146497,3.5242239114696758
0.5206696688142074,3.5242239114696758
0.52131238792531098,3.2840415055200083
0.52265416237216278,3.2840415055200083
0.52265416237216278,3.5242239114696758
0.52799344951060068,3.5242239114696758
0.52799344951060068,3.2840415055200083
0.52866405076334311,3.2840415055200083
0.52866405076334311,3.5242239114696758
0.53333230769301387,3.5242239114696758
0.53800428224157004,3.5244287578713056
0.53800428224157004,3.2842463519217522
0.53800428224157004,3.5244287578713056
0.53998906177020856,3.5244287578713056
0.53998906177020856,3.7646111638209732
0.54065966302295054,3.7646111638209732
0.54065966302295054,3.5244287578713056
0.54398621699844107,3.5244287578713056
0.54465681825118328,3.7646111638209732
0.54865425945009916,3.7646111638209732
0.54865425945009916,3.5244287578713056
0.54932486070284137,3.5244287578713056
0.54932486070284137,3.7646111638209732
0.54996757981394517,3.7646111638209732
0.54996757981394517,4.004793569770527
0.55066606320832601,4.004793569770527
0.55066606320832601,3.7646111638209732
0.55597732521978394,3.7646111638209732
0.55597732521978394,4.004793569770527
0.55664792647252614,4.004793569770527
0.55731852772526858,3.7646111638209732
0.55866037366479082,3.7646111638209732
0.55866037366479082,4.004793569770527
0.56332870208713248,4.004793569770527
0.56400244901739294,4.0051776567738671
0.56400244901739294,4.2556023828066154
0.56467305027013515,4.2556023828066154
0.56467305027013515,4.0051776567738671
0.5660148247169865,4.0051776567738671
0.5660148247169865,4.2556023828066154
0.57001226591590259,4.2556023828065008
0.57001226591590259,4.0051776567737534
0.57001226591590259,4.2556023828065008
0.57135404036275395,4.2556023828065008
0.57135404036275395,4.4957847887561684
0.57800714831373434,4.4957847887561684
0.57800714831373434,4.7359671947057222
0.57867774956647677,4.7359671947057222
0.57867774956647677,4.4957847887561684
0.57934835081921898,4.4957847887561684
0.57934835081921898,4.7359671947057222
0.58133305885518682,4.7359671947057222
0.58133305885518682,4.986391920738356
0.58133305885518682,4.7359671947057222
0.58267490479470907,4.7359671947057222
0.58267490479470907,4.986391920738356
0.58801412044047652,4.986391920738356
0.58801412044047652,5.2265743266880236
0.59066971569987015,5.2265743266880236
0.59066971569987015,5.4667567326375774
0.59268244886281796,5.4667567326375774
0.59467001660562069,5.4677553588460341
0.59467001660562069,5.7181800848788953
0.59668274976856894,5.7181800848788953
0.59668274976856894,5.9583624908284492
0.59933834502796235,5.9583624908284492
0.60000894628070478,6.1985448967781167
0.60199372580934352,6.1985448967781167
0.6026643270620855,6.4387273027276706
0.60467698873236286,6.4387273027276706
0.60467698873236286,6.6888959707582671
0.60733265548442716,6.6888959707582671
0.60733265548442716,6.9293344347100856
0.60934531715470452,6.9293344347100856
0.61001591840744673,7.1695168406595258
0.61068651966018894,7.1695168406595258
0.61068651966018894,7.419685508690236
0.61334218641225347,7.419685508690236
0.61398490552335705,7.6598679146397899
0.61599756719363441,7.6598679146397899
0.61599756719363441,7.9000503205893438
0.61666816844637662,7.9000503205893438
0.61666816844637662,8.1402327265390113
0.61865287648234446,8.1402327265390113
0.61865287648234446,8.3906574525717588
0.61999465092919581,8.3906574525717588
0.61999465092919581,8.6308398585214263
0.62133642537604761,8.6308398585214263
0.62133642537604761,8.8710222644709802
0.62265031768126033,8.8710222644709802
0.62335373406993067,8.8728914878869318
0.62399645318103469,9.1233162139196793
0.62466705443377668,9.1233162139196793
0.62533765568651933,9.3634986198693486
0.62600825693926154,9.3634986198693486
0.62600825693926154,9.6036810258187888
0.62732214924447449,9.6036810258187888
0.62732214924447449,9.8541057518516482
0.62799275049721648,9.6036810258187888
0.62799275049721648,9.8541057518516482
0.62933452494406827,9.8541057518516482
0.62933452494406827,10.094288157801202
0.63000512619681048,10.094288157801202
0.63064784530791429,10.334470563750756
0.63131916148736522,10.334470563750756
0.63198976274010743,10.574652969700423
0.63266036399284964,10.574652969700423
0.63266036399284964,10.825077695733173
0.63531595925224327,10.825077695733173
0.63531595925224327,11.065260101682838
0.6359872754316942,11.305442507632392
0.63732904987854577,11.305442507632392
0.63732904987854577,11.55586723366514
0.6379996511312882,11.55586723366514
0.6379996511312882,11.796049639614694
0.63998435916725582,11.796049639614694
0.63998435916725582,12.036232045564248
0.64065567534670675,12.036232045564248
0.64065567534670675,12.286656771597109
0.64132627659944919,12.286656771597109
0.64199687785219139,12.526839177546664
0.6426674791049336,12.526839177546664
0.6426674791049336,12.76702158349633
0.64398129991747566,12.76702158349633
0.64398129991747566,13.007203989445884
0.64532307436432723,13.007203989445884
0.64532307436432723,13.257372657476369
0.64599439054377816,13.257372657476369
0.64599439054377816,13.497555063426034
0.64733616499062951,13.497555063426034
0.64733616499062951,13.737993527377739
0.64864998580317179,13.737993527377739
0.64864998580317179,13.988162195408449
0.649320587055914,13.988162195408449
0.64999118830865621,14.228344601358003
0.65066250448810714,14.228344601358003
0.65066250448810714,14.468527007307555
0.65133310574084957,14.468527007307555
0.65133310574084957,14.718951733340305
0.65197582485195316,14.718951733340305
0.65197582485195316,14.959134139289858
0.65399391996521672,14.961361843909115
0.65399391996521672,15.201544249858671
0.655307740777759,15.201544249858671
0.655307740777759,15.441726655808225
0.65600693909884811,15.441726655808225
0.65600693909884811,15.692151381841086
0.65664965820995214,15.692151381841086
0.65664965820995214,15.932333787790526
0.65799143265680349,15.932333787790526
0.65799143265680349,16.182758513823387
0.65933320710365506,16.182758513823387
0.65933320710365506,16.422940919772941
0.65997592621475887,16.422940919772941
0.65997592621475887,16.663123325722495
0.6606751245358482,16.663123325722495
0.6606751245358482,16.903305731672162
0.66268778620612556,16.903305731672162
0.66268778620612556,17.143488137621716
0.66400160701866762,17.143488137621716
0.66400160701866762,17.393912863654577
0.66467220827140983,17.393912863654577
0.66467220827140983,17.634095269604018
0.66534352445086076,17.634095269604018
0.66534352445086076,17.884519995636879
0.66668529889771233,17.884519995636879
0.66735590015045432,18.124702401586436
0.66802650140319675,18.124702401586436
0.66802650140319675,18.364884807535987
0.66934032221573903,18.364884807535987
0.66934032221573903,18.605067213485651
0.67001092346848101,18.605067213485651
0.67068223964793194,18.855235881516251
0.67135284090067393,18.855235881516251
0.67135284090067393,19.095674345468069
0.67333754893664199,19.095674345468069
0.6740081501893842,19.335856751417623
0.6740081501893842,19.586025419448102
0.67602088335233224,19.586025419448102
0.67602088335233224,19.826207825397773
0.67669148460507467,19.826207825397773
0.67669148460507467,20.066390231347327
0.67733420371617825,20.066390231347327
0.67733420371617825,20.316814957380188
0.67800480496892024,20.316814957380188
0.67800480496892024,20.556997363329742
0.68133135894441055,20.556997363329742
0.68133135894441055,20.797179769279296
0.68200196019715276,21.037362175228964
0.68200196019715276,21.287786901261601
0.68267256144989519,21.287786901261601
0.68267971071698352,21.039538668247477
0.68335031196972551,21.039538668247477
0.68335031196972551,21.289963394280221
0.68402091322246794,21.289963394280221
0.68402091322246794,21.530145800229889
0.68469151447520993,21.530145800229889
0.68469151447520993,21.770328206179329
0.68600540678042332,21.770328206179329
0.68600540678042332,21.530145800229889
0.68667600803316531,21.770328206179329
0.68667600803316531,22.02075293221219
0.6873466092859073,22.02075293221219
0.6873466092859073,22.260935338161744
0.69000227603797182,22.260935338161744
0.69000227603797182,22.501117744111298
0.69067287729071425,22.501117744111298
0.69067287729071425,22.751542470144159
0.69134347854345624,22.751542470144159
0.69134347854345624,22.991724876093716
0.69268525299030803,22.991724876093716
0.69268525299030803,23.23190728204338
0.69534091974237233,23.23190728204338
0.69534091974237233,23.472089687992931
0.69601152099511454,23.472089687992931
0.69601152099511454,23.722514414025568
0.69668212224785697,23.722514414025568
0.69668212224785697,23.962696819975235
0.69735272350059896,23.962696819975235
0.69735272350059896,24.202879225924789
0.69802332475334095,24.202879225924789
0.69866604386444453,24.45330395195765
0.70202055147424436,24.45330395195765
0.70266327058534794,24.693486357907204
0.70266327058534794,24.933668763856758
0.70333387183809037,24.933668763856758
0.70333387183809037,25.173851169806422
0.70400447309083258,25.173851169806422
0.70400447309083258,25.424019837836909
0.70467578927028329,25.424019837836909
0.70467578927028329,25.173851169806422
0.7053463905230255,25.173851169806422
0.7053463905230255,25.424019837836909
0.70601699177576793,25.424019837836909
0.70601699177576793,25.664202243786576
0.70867258703516134,25.664202243786576
0.70867258703516134,25.904640707738281
0.70934318828790377,25.904640707738281
0.70934318828790377,26.154809375768881
0.7106570805931165,26.154809375768881
0.7106570805931165,25.904640707738281
0.71199885503996829,25.904640707738281
0.71199885503996829,26.154809375768881
0.71266945629271028,26.154809375768881
0.71267960825197552,26.396169648528598
0.71469234141492355,26.396169648528598
0.71469234141492355,26.636352054478152
0.71667704945089161,26.636352054478152
0.7173476507036336,26.886776780511013
0.7173476507036336,27.126959186460567
0.71801825195637603,27.126959186460567
0.71801825195637603,27.367141592410007
0.71868885320911802,27.126959186460567
0.71933157232022182,27.126959186460567
0.71933157232022182,27.367141592410007
0.72003005571460266,27.367141592410007
0.72003005571460266,27.607323998359789
0.72067277482570624,27.607323998359789
0.72067277482570624,27.367141592410007
0.72134337607844867,27.367141592410007
0.72134337607844867,27.126959186460567
0.72201397733119066,27.126959186460567
0.72201397733119066,26.886776780511013
0.72201397733119066,27.126959186460567
0.72268457858393309,27.126959186460567
0.72268457858393309,27.607528844761529
0.72332729769503668,27.607528844761529
0.72332729769503668,27.857953570794169
0.72399789894777866,27.857953570794169
0.72399789894777866,27.607528844761529
0.72601063211072692,27.607528844761529
0.72601063211072692,27.857953570794169
0.72668123336346935,27.857953570794169
0.72668123336346935,27.607528844761529
0.72735183461621133,27.607528844761529
0.72735183461621133,27.857953570794169
0.72799455372731492,27.857953570794169
0.72866515498005735,28.098135976743837
0.73134877536643095,28.098135976743837
0.73134877536643095,27.857953570794169
0.73134877536643095,28.098135976743837
0.73400444211849547,28.098135976743837
0.73400444211849547,28.338318382693387
0.73534621656534704,28.338318382693387
0.73534621656534704,28.098135976743837
0.73601681781808925,28.098135976743837
0.73601681781808925,28.338318382693387
0.73733063863063131,28.338318382693387
0.73733063863063131,28.588743108726131
0.73733063863063131,28.338318382693387
0.74001425901700535,28.338318382693387
0.74001425901700535,28.098135976743837
0.74068486026974734,28.098135976743837
0.74068486026974734,27.857953570794169
0.74132757938085136,27.857953570794169
0.74132757938085136,28.098135976743837
0.74199818063359335,28.098135976743837
0.74199818063359335,28.588717502925988
0.74267800444087895,28.588896743527471
0.74267800444087895,28.338472017494723
0.74334860569362093,28.338472017494723
0.74334860569362093,28.098289611545056
0.74600427244568546,28.098289611545056
0.74600427244568546,27.858107205595505
0.74667487369842767,27.858107205595505
0.74667487369842767,28.098289611545056
0.74801664814527924,28.098289611545056
0.74801664814527924,28.338472017494723
0.74933054045049241,28.338472017494723
0.74933054045049241,28.098289611545056
0.75134320212076955,28.098289611545056
0.75201380337351154,27.858107205595505
0.75268440462625397,27.858107205595505
0.75335500587899595,28.098289611545056
0.75601067263106048,28.098289611545056
0.75601067263106048,28.338472017494723
0.75668127388380269,28.338472017494723
0.75668127388380269,28.098289611545056
0.75735187513654512,28.098289611545056
0.75735187513654512,27.858107205595505
0.75866576744175784,27.858107205595505
0.75866576744175784,28.338676863896357
0.75933636869450027,28.338676863896357
0.75933636869450027,28.098494457946799
0.76000696994724226,28.098494457946799
0.76000696994724226,27.858312051997245
0.76070545334162309,28.098494457946799
0.76070545334162309,28.338676863896357
0.7613760545943653,28.338676863896357
0.7613760545943653,28.589101589929211
0.76204665584710773,28.589101589929211
0.76204665584710773,28.338676863896357
0.76268937495821132,28.338676863896357
0.76268937495821132,28.098494457946799
0.76403122089773357,28.098494457946799
0.76403122089773357,28.338676863896357
0.7660438825680107,28.338676863896357
0.7660438825680107,28.589101589929211
0.76735770338055298,28.589101589929211
0.76735770338055298,28.829283995878768
0.76937043654350101,28.829283995878768
0.76937043654350101,29.069466401828439
0.77202603180289486,29.069466401828439
0.772708500839004,29.07056745123748
0.772708500839004,29.310749857187147
0.77337981701845493,29.310749857187147
0.77337981701845493,29.561174583219891
0.77405041827119692,29.561174583219891
0.77405041827119692,29.801356989169559
0.7746931373823005,29.801356989169559
0.7746931373823005,30.04153939511912
0.77737668627600343,30.04153939511912
0.77737668627600343,30.29196412115175
0.78003235302806795,30.29196412115175
0.78003235302806795,30.772533779452715
0.78070295428081038,31.022702447483312
0.78070295428081038,31.503297711584423
0.78204472872766173,31.503297711584423
0.78204472872766173,31.263115305634869
0.78271532998040416,31.503297711584423
0.78271532998040416,31.743480117533977
0.78335804909150775,31.743480117533977
0.78335804909150775,31.993648785564574
0.78402865034424973,31.993648785564574
0.78402865034424973,32.233831191514128
0.78469925159699216,32.474013597463795
0.78536985284973415,32.724438323496543
0.78536985284973415,32.96462072944621
0.78604045410247636,32.96462072944621
0.78604045410247636,33.204803135395764
0.78671105535521879,33.204803135395764
0.78671105535521879,33.695384661578032
0.78735377446632238,33.695384661578032
0.78735377446632238,33.935567067527586
0.78869562040584462,33.935567067527586
0.78869562040584462,34.175749473477026
0.78936622165858705,34.426174199509887
0.78936622165858705,34.666356605459441
0.79003682291132904,34.666356605459441
0.79003682291132904,34.906539011409109
0.79070742416407103,34.906539011409109
0.79070742416407103,35.397120537591263
0.79137802541681368,35.397120537591263
0.79137802541681368,35.887702063773531
0.79202074452791726,35.887702063773531
0.79202074452791726,36.608582157025012
0.79269134578065925,36.608582157025012
0.79269134578065925,36.859006883057759
0.79336194703340168,36.859006883057759
0.79336194703340168,37.339576541358717
0.79403254828614367,37.339576541358717
0.79403254828614367,37.830158067540992
0.79470314953888566,38.070340473490432
0.79470314953888566,38.310778937442137
0.79537375079162809,38.310778937442137
0.79537375079162809,38.571087502355226
0.79601646990273189,38.571087502355226
0.79601646990273189,39.051657160656077
0.79668707115547388,39.051657160656077
0.79668707115547388,40.032845818820647
0.79735838733492481,40.032845818820647
0.79735838733492481,40.273028224770201
0.79802898858766724,40.273028224770201
0.79802898858766724,40.032845818820647
0.79802898858766724,40.273028224770201
0.79869958984040923,40.273028224770201
0.79869958984040923,41.003894580102951
0.79937019109315122,41.003894580102951
0.79937019109315122,41.734760935435474
0.80004079234589365,41.975199399387293
0.80004079234589365,42.215381805336847
0.80068351145699723,42.215381805336847
0.80068351145699723,41.975199399387293
0.80135411270973944,41.975199399387293
0.80135411270973944,42.215381805336847
0.80202471396248187,42.465550473367557
0.80204151474014074,42.946632247673278
0.80469718149220526,42.946632247673278
0.80469718149220526,43.186814653622953
0.80536778274494725,43.186814653622953
0.80536778274494725,43.437239379655693
0.80603838399768946,43.437239379655693
0.80603838399768946,43.677421785605361
0.80670898525043189,43.677421785605361
0.80670898525043189,43.437239379655693
0.80805083118995413,43.437239379655693
0.80805083118995413,43.186814653622953
0.80869355030105772,43.186814653622953
0.80869355030105772,42.946632247673278
0.80936415155380015,42.946632247673278
0.80936415155380015,42.706449841723725
0.81003475280654214,42.706449841723725
0.81003475280654214,42.215868315541456
0.81070535405928412,42.215868315541456
0.81070535405928412,41.975685909591903
0.81137595531202678,41.975685909591903
0.81137595531202678,41.735247445640077
0.81204655656476876,41.735247445640077
0.81204655656476876,41.244665919458043
0.81271787274421969,41.244665919458043
0.81271787274421969,41.004483513508376
0.81336059185532328,41.004483513508376
0.81336059185532328,40.513901987326108
0.81403119310806571,40.513901987326108
0.81403119310806571,39.783010026193331
0.8147017943608077,39.783010026193331
0.8147017943608077,39.052143670860687
0.81537239561354968,39.052143670860687
0.81537239561354968,38.571574012559843
0.81604299686629211,38.571574012559843
0.81604299686629211,38.070955012696118
0.81671359811903432,38.070955012696118
0.81671359811903432,37.590385354395153
0.81735631723013791,37.340216686364563
0.81735631723013791,36.369065501881437
0.81802691848288034,36.128883095931883
0.81802691848288034,35.398016740599132
0.81869751973562233,35.398016740599132
0.81869751973562233,35.157834334649692
0.81936812098836431,35.157834334649692
0.81936812098836431,34.176645676485009
0.82003872224110674,34.176645676485009
0.82003872224110674,32.965184057051374
0.82070932349384873,32.965184057051374
0.82070932349384873,32.474602530869106
0.82137992474659094,32.474602530869106
0.82137992474659094,31.994032872568251
0.82202264385769497,31.994032872568251
0.82202264385769497,31.503451346385987
0.82269324511043695,31.503451346385987
0.82269324511043695,30.772559385253203
0.82336384636317894,30.772559385253203
0.82336384636317894,29.801408200770084
0.82403444761592137,29.801408200770084
0.82403444761592137,28.830231410486817
0.82470504886866336,28.830231410486817
0.82470504886866336,28.339649884304549
0.82537565012140557,28.339649884304549
0.82537565012140557,27.859080226003694
0.826046251374148,27.859080226003694
0.826046251374148,27.128188264870914
0.82668897048525158,27.128188264870914
0.82668897048525158,26.397321909538281
0.82736028666470252,26.397321909538281
0.82736028666470252,25.906740383356009
0.8280308879174445,25.666301919404191
0.8280308879174445,25.17572039322215
0.82870148917018693,24.935537987272369
0.82870148917018693,24.454968328971631
0.82937209042292892,24.454968328971631
0.82937209042292892,23.964361196989216
0.8300148095340325,23.964361196989216
0.8300148095340325,23.724178791039549
0.83068541078677494,23.473754065006801
0.83068541078677494,23.233571659057361
0.83135601203951714,23.233571659057361
0.83135601203951714,22.7530020007564
0.83202732821896808,22.502577274723532
0.83202732821896808,22.262394868773981
0.83204112630445026,22.019959152406045
0.83271172755719225,22.019959152406045
0.83271172755719225,21.529377626223891
0.83338232880993468,21.529377626223891
0.83338232880993468,20.79851127089125
0.83402504792103827,20.79851127089125
0.83402504792103827,20.06761930975836
0.83469564917378025,20.06761930975836
0.83469564917378025,19.82743690380892
0.83536625042652268,19.82743690380892
0.83536625042652268,19.587254497859131
0.83603685167926467,19.587254497859131
0.83603685167926467,19.337085829828649
0.8367081678587156,19.337085829828649
0.8367081678587156,18.606193868695755
0.83737876911145781,18.606193868695755
0.83737876911145781,18.366011462746201
0.83804937036420024,18.366011462746201
0.83869208947530383,18.125829056796761
0.83869208947530383,17.885646650847093
0.83936269072804581,17.885646650847093
0.83936269072804581,17.395065124664939
0.84003329198078824,17.395065124664939
0.84003329198078824,17.144640398632077
0.84070389323353023,17.144640398632077
0.84070389323353023,16.664070740331113
0.84137449448627244,16.664070740331113
0.84137449448627244,16.423888334381559
0.84204581066572315,16.423888334381559
0.84204581066572315,15.933306808199404
0.84268852977682696,15.933306808199404
0.84268852977682696,15.69312440224985
0.84335913102956939,15.69312440224985
0.84335913102956939,15.442699676216989
0.84470090547642052,15.442699676216989
0.84537150672916295,15.202517270267435
0.84537150672916295,14.962334864317882
0.84604210798190493,14.962334864317882
0.84604210798190493,14.471753338135612
0.84671342416135587,14.471753338135612
0.84671342416135587,14.231570932186171
0.84735614327245967,14.231570932186171
0.84735614327245967,13.991388526236392
0.8480267445252021,13.991388526236392
0.8480267445252021,13.741219858205907
0.85003940619547902,13.741219858205907
0.85003940619547902,13.500781394254091
0.85071000744822123,13.500781394254091
0.85071000744822123,13.260598988304537
0.85135272655932526,13.260598988304537
0.85135272655932526,13.010430320273828
0.85269450100617639,13.010430320273828
0.85269450100617639,12.770247914324273
0.85336510225891882,12.770247914324273
0.85336510225891882,12.530065508374721
0.85534981029488644,12.530065508374721
0.85534981029488644,12.289883102425051
0.85602041154762887,12.289883102425051
0.85602041154762887,12.039458376392416
0.85736225748715111,12.039458376392416
0.85736225748715111,11.79927597044275
0.85870403193400247,11.79927597044275
0.85870403193400247,11.559093564493196
0.86071669360428005,11.559093564493196
0.86071669360428005,11.308668838460449
0.86138800978373076,11.308668838460449
0.86273407379083533,11.306825220844871
0.86273407379083533,11.066642814895204
0.86404789460337761,11.066642814895204
0.86404789460337761,11.306825220844871
0.86404789460337761,11.066642814895204
0.86538966905022918,11.066642814895204
0.86538966905022918,10.82646040894565
0.86606098522968011,10.82646040894565
0.86606098522968011,11.066642814895204
0.86606098522968011,10.82646040894565
0.86938746771249931,10.82646040894565
0.86938746771249931,11.066642814895204
0.86938746771249931,10.82646040894565
0.87271402168798962,10.82646040894565
0.87271402168798962,10.576035682913016
0.87338462294073183,10.576035682913016
0.87338462294073183,10.82646040894565
0.87405522419347359,10.82646040894565
0.87405522419347359,11.066642814895204
0.87469794330457762,11.066642814895204
0.87469794330457762,10.82646040894565
0.87603978924410009,10.82646040894565
0.87603978924410009,11.066642814895204
0.87872333813780323,11.066642814895204
0.87872333813780323,11.306825220844871
0.88070811766644153,11.306825220844871
0.88070811766644153,11.55724994687762
0.88204989211329354,11.55724994687762
0.88204989211329354,11.306825220844871
0.88204989211329354,11.55724994687762
0.88272049336603531,11.55724994687762
0.88272049336603531,11.306825220844871
0.88339109461877796,11.306825220844871
0.88339109461877796,9.3644972460784857
0.88403381372988155,9.3644972460784857
0.88403381372988155,4.9892597703637884
0.88339109461877796,4.7388350443309264
0.88339109461877796,0.85417909479804166
0.88272049336603531,0.85417909479804166
0.88272049336603531,-0.12698395756615349
0.88204989211329354,-0.12698395756615349
0.88204989211329354,-0.3671663635158211
0.88137929086055133,-0.3671663635158211
0.88137929086055133,-0.60734876946537497
0.88070868960780868,-0.60734876946537497
0.88070868960780868,-0.84753117541481515
0.88003737342835797,-0.84753117541481515
0.88003737342835797,-1.0979559014476763
0.87936677217561576,-1.0979559014476763
0.87872405306451218,-1.3381383073972302
0.87872405306451218,-1.5783207133468975
0.87805345181176997,-1.5783207133468975
0.87805345181176997,-1.8287454393796447
0.87737791756473649,-1.8302049699921099
0.87737791756473649,-2.070387375941777
0.87670731631199428,-2.070387375941777
0.87670731631199428,-2.3105697818913318
0.87603671505925207,-2.3105697818913318
0.87603671505925207,-2.5609945079240788
0.8746948691197296,-2.5609945079240788
0.8746948691197296,-2.8011769138737463
0.87338104830718755,-2.8011769138737463
0.87338104830718755,-3.0413593198233002
0.87271044705444534,-3.0413593198233002
0.87271044705444534,-3.2815417257729682
0.87203984580170313,-3.2815417257729682
0.87203984580170313,-3.5319664518056011
0.87069799986218066,-3.5319664518056011
0.87069799986218066,-3.7721488577551554
0.86938417904963861,-3.7721488577551554
0.86938417904963861,-4.012331263704823
0.86804240460278703,-4.012331263704823
0.86804240460278703,-4.2627559897375704
0.86605769656681919,-4.2627559897375704
0.86605769656681919,-4.502938395687238
0.86538638038736826,-4.7431208016367918
0.86471577913462627,-4.7431208016367918
0.86471577913462627,-4.9932894696672747
0.86404517788188406,-4.9932894696672747
0.86337457662914163,-5.2334718756169423
0.86337457662914163,-5.4736542815664961
0.86138986859317401,-5.4736542815664961
0.86138986859317401,-5.7140927455183146
0.86002006901934225,-5.7140927455183146
0.86002006901934225,-5.9642614135489112
0.85937734990823822,-5.9642614135489112
0.85937734990823822,-6.204443819498465
0.85870674865549623,-6.204443819498465
0.85870674865549623,-6.4446262254481326
0.85803614740275425,-6.4446262254481326
0.85803614740275425,-6.6950509514807663
0.85602341423980621,-6.6950509514807663
0.85602341423980621,-6.9352333574304339
0.85538069512870218,-7.1754157633799878
0.85471009387595998,-7.1754157633799878
0.85471009387595998,-7.4155981693295416
0.8533683194291084,-7.4155981693295416
0.8533683194291084,-7.6660228953624028
0.85269771817636641,-7.6660228953624028
0.85135594372951506,-8.1465925536633677
0.85071322461841103,-8.3970172796960014
0.85071322461841103,-8.6371996856455553
0.85004262336566905,-8.6371996856455553
0.85004262336566905,-8.8773820915952228
0.84937202211292706,-8.8773820915952228
0.84937202211292706,-9.3679892235776379
0.84803024766607527,-9.3679892235776379
0.84734606280586378,-9.3702169281967844
0.84734606280586378,-9.6103993341462246
0.84670334369476019,-9.6103993341462246
0.84670334369476019,-9.860824060179084
0.84603202751530926,-9.860824060179084
0.84603202751530926,-10.341393718480049
0.84536142626256727,-10.341393718480049
0.84536142626256727,-10.831975244662203
0.84469082500982484,-10.831975244662203
0.84469082500982484,-11.072413708614022
0.84402022375708285,-11.072413708614022
0.84402022375708285,-11.312596114563576
0.84334962250434042,-11.312596114563576
0.84267902125159844,-11.562764782594172
0.84203630214049463,-11.562764782594172
0.84203630214049463,-12.043334440895023
0.8413649859610437,-12.043334440895023
0.8413649859610437,-12.293759166927885
0.84069438470830171,-12.293759166927885
0.84069438470830171,-12.774354431028769
0.84002378345555928,-12.774354431028769
0.84002378345555928,-13.01453683697855
0.83935318220281729,-13.01453683697855
0.83935318220281729,-13.264961563011184
0.83868258095007486,-13.264961563011184
0.83868258095007486,-13.505143968960851
0.83803986183897128,-13.745326374910404
0.83803986183897128,-14.235907901092672
0.83736926058622929,-14.235907901092672
0.83736926058622929,-14.716503165193558
0.83669865933348686,-14.716503165193558
0.83669865933348686,-15.207084691375826
0.83602734315403615,-15.447267097325494
0.83602734315403615,-15.69743576535609
0.83535674190129372,-15.69743576535609
0.83535674190129372,-15.937618171305644
0.83468614064855173,-16.178056635257462
0.83468614064855173,-16.418239041207016
0.8340155393958093,-16.668663767239764
0.8340155393958093,-17.159245293421918
0.83337282028470572,-17.159245293421918
0.83337282028470572,-17.399427699371586
0.83270221903196373,-17.399427699371586
0.83270221903196373,-17.890034831354001
0.8320316177792213,-17.890034831354001
0.8320316177792213,-18.380616357536155
0.83136030159977081,-18.380616357536155
0.83136030159977081,-19.101470844987489
0.83068970034702838,-19.101470844987489
0.83068970034702838,-19.592077976969904
0.83001909909428617,-19.592077976969904
0.83001909909428617,-19.832260382919458
0.82937637998318259,-19.832260382919458
0.82937637998318259,-20.322841909101609
0.82870577873044016,-20.322841909101609
0.82870577873044016,-20.56302431505117
0.82803517747769817,-20.56302431505117
0.82803517747769817,-21.534201105334432
0.82736457622495574,-21.534201105334432
0.82736457622495574,-22.515364157698851
0.82669326004550525,-22.515364157698851
0.82669326004550525,-22.995933815999702
0.82605054093440122,-22.995933815999702
0.82605054093440122,-23.246358542032453
0.82537993968165924,-23.246358542032453
0.82537993968165924,-23.967213029483901
0.82470933842891703,-23.967213029483901
0.82470933842891703,-24.457794555665942
0.8240387371761746,-24.457794555665942
0.8240387371761746,-24.94840168764836
0.82336813592343261,-25.18858409359791
0.82336813592343261,-25.669153751898875
0.82269753467069018,-25.919322419929472
0.82269753467069018,-26.39989207823044
0.82202693341794819,-26.39989207823044
0.82202693341794819,-27.13078403936322
0.82138421430684461,-27.13078403936322
0.82138421430684461,-27.861650394695744
0.82071361305410218,-27.861650394695744
0.82071361305410218,-28.592542355828641
0.82004301180135997,-28.592542355828641
0.82004301180135997,-29.323408711161282
0.81937241054861798,-29.323408711161282
0.81937241054861798,-29.563591117110832
0.81870180929587555,-29.563591117110832
0.81870180929587555,-30.054198249093133
0.81803120804313356,-30.054198249093133
0.81803120804313356,-30.294380655042687
0.81801397830944866,-31.265992743929811
0.81734337705670668,-31.265992743929811
0.81734337705670668,-32.247181402094384
0.81602948475149328,-32.247181402094384
0.81602948475149328,-32.487363808044051
0.8153588834987513,-32.487363808044051
0.8153588834987513,-33.218230163376575
0.81468828224600887,-33.218230163376575
0.81468828224600887,-33.949122124509358
0.81401768099326688,-33.949122124509358
0.81401768099326688,-34.669976611960692
0.81334707974052489,-34.669976611960692
0.81334707974052489,-35.400868573093483
0.81270436062942086,-35.400868573093483
0.81270436062942086,-35.891450099275744
0.81203304444997038,-35.891450099275744
0.81203304444997038,-36.382031625457785
0.81136244319722794,-36.382031625457785
0.81136244319722794,-36.86260128375875
0.81069184194448574,-36.86260128375875
0.81069184194448574,-37.103039747710341
0.81002124069174331,-37.103039747710341
0.81002124069174331,-37.353208415741051
0.80935063943900132,-37.353208415741051
0.80935063943900132,-37.593390821690718
0.80868003818625933,-37.593390821690718
0.80868003818625933,-38.083972347872873
0.8080373190751553,-38.083972347872873
0.8080373190751553,-38.564542006173731
0.80736671782241332,-38.564542006173731
0.80736671782241332,-39.055149138156139
0.80468309743603927,-39.055149138156139
0.80468309743603927,-39.295331544105693
0.803369276623497,-39.295331544105693
0.803369276623497,-39.055149138156139
0.80269867537075501,-39.055149138156139
0.80269867537075501,-38.814966732206472
0.80202807411801302,-38.814966732206472
0.80202807411801302,-38.564542006173731
0.80004336608204496,-38.564542006173731
0.80004336608204496,-38.32435960022417
0.79937276482930297,-38.32435960022417
0.79937276482930297,-38.084177194274503
0.79870216357656054,-38.32435960022417
0.79803156232381856,-38.32435960022417
0.79803156232381856,-38.084177194274503
0.79736096107107657,-38.084177194274503
0.79736096107107657,-37.353310838941979
0.79668964489162564,-37.353310838941979
0.79668964489162564,-36.622418877809203
0.79601904363888321,-36.622418877809203
0.79601904363888321,-36.382236471859528
0.7953763245277794,-36.382236471859528
0.7953763245277794,-36.132067803828818
0.79470572327503741,-36.132067803828818
0.79470572327503741,-35.401201448496295
0.79403512202229498,-35.401201448496295
0.79403512202229498,-34.920606184395183
0.79336452076955299,-34.920606184395183
0.79336452076955299,-34.430024658213028
0.79269391951681101,-34.430024658213028
0.79269391951681101,-34.189842252263361
0.79202331826406858,-34.189842252263361
0.79202331826406858,-33.69926072608132
0.79138059915296477,-33.69926072608132
0.79138059915296477,-33.458822262129615
0.79070999790022278,-33.218639856180062
0.79070999790022278,-32.9682151301472
0.79003939664748035,-32.72803272419776
0.79003939664748035,-32.487850318248093
0.78936879539473837,-32.487850318248093
0.78936879539473837,-32.247667912298539
0.78869819414199638,-32.247667912298539
0.78868503949055269,-31.995758049853062
0.78801443823781026,-31.995758049853062
0.78801443823781026,-31.755319585901475
0.78734312205835932,-31.755319585901475
0.78734312205835932,-31.515137179951921
0.78670040294725574,-31.515137179951921
0.78670040294725574,-31.024555653769653
0.78602980169451375,-31.024555653769653
0.78602980169451375,-30.784373247820213
0.78535920044177132,-30.784373247820213
0.78535920044177132,-30.293791721637945
0.78468859918902933,-30.293791721637945
0.78468859918902933,-29.813196457536947
0.78401799793628735,-29.813196457536947
0.78401799793628735,-29.562771731504085
0.78334739668354492,-29.562771731504085
0.78334739668354492,-29.322589325554532
0.78270467757244111,-29.322589325554532
0.78270467757244111,-29.082406919604864
0.78203407631969912,-29.082406919604864
0.78203407631969912,-28.84222451365531
0.78203407631969912,-29.082406919604864
0.78136347506695669,-29.082406919604864
0.78136347506695669,-28.84222451365531
0.78069287381421471,-28.84222451365531
0.78069287381421471,-28.101320684641223
0.78002227256147272,-28.101320684641223
0.78002227256147272,-27.861138278691669
0.78002227256147272,-28.101320684641223
0.77935167130873029,-28.101320684641223
0.77935167130873029,-28.351745410673971
0.77935167130873029,-28.101320684641223
0.77868107005598808,-28.101320684641223
0.77868107005598808,-27.861138278691669
0.77803835094488449,-27.620955872742002
0.77803835094488449,-27.380773466792448
0.77736703476543356,-27.380773466792448
0.77736703476543356,-27.130604798761851
0.77669643351269113,-27.130604798761851
0.77669643351269113,-27.380773466792448
0.77602583225994914,-27.380773466792448
0.77602583225994914,-27.620955872742002
0.77602583225994914,-27.380773466792448
0.77535523100720716,-27.380773466792448
0.77535523100720716,-27.130604798761851
0.77269956425514263,-27.130604798761851
0.77269956425514263,-26.890422392812184
0.7720289630024002,-26.890422392812184
0.7720289630024002,-26.65023998686263
0.77135836174965822,-26.65023998686263
0.77135836174965822,-26.399815260829769
0.76937365371369015,-26.399815260829769
0.76937365371369015,-26.159632854880211
0.7673609205507419,-26.159632854880211
0.7673609205507419,-26.399815260829769
0.7673609205507419,-26.159632854880211
0.76604709973819984,-26.159632854880211
0.76604709973819984,-25.919450448930661
0.76470532529134849,-25.919450448930661
0.76470532529134849,-25.669281780899951
0.7607078840924324,-25.669281780899951
0.7607078840924324,-25.919450448930661
0.75933815601127175,-25.919450448930661
0.75933815601127175,-25.669281780899951
0.75866755475852932,-25.669281780899951
0.75865954757939003,-25.42787029654005
0.75734565527417708,-25.42787029654005
0.75734565527417708,-25.668052702489604
0.75667505402143509,-25.668052702489604
0.75667505402143509,-25.42787029654005
0.75334850004594478,-25.42787029654005
0.75334850004594478,-25.187687890590382
0.75200672559909298,-25.187687890590382
0.751336124346351,-25.42787029654005
0.7473386831474349,-25.42787029654005
0.7473386831474349,-25.187687890590382
0.74666808189469291,-25.187687890590382
0.74666808189469291,-25.42787029654005
0.74599748064195048,-25.42787029654005
0.74599748064195048,-25.187687890590382
0.74401277260598286,-25.187687890590382
0.74401277260598286,-25.42787029654005
0.74334145642653193,-25.42787029654005
0.74334145642653193,-25.668052702489604
0.74334145642653193,-25.42787029654005
0.7426708551737895,-25.42787029654005
0.7426708551737895,-25.187687890590382
0.74200025392104729,-25.187687890590382
0.74200025392104729,-25.42787029654005
0.74132965266830531,-25.42787029654005
0.74132965266830531,-25.668052702489604
0.74068693355720128,-25.668052702489604
0.74068693355720128,-25.187483044188639
0.74001633230445929,-25.187483044188639
0.74001633230445929,-24.947300638239199
0.7393457310517173,-24.696875912206337
0.73867441487226637,-24.947300638239199
0.73867441487226637,-25.187483044188639
0.73800381361952394,-25.187483044188639
0.73800381361952394,-25.427665450138303
0.73800381361952394,-25.187483044188639
0.73400644391327874,-25.187483044188639
0.73400644391327874,-24.947300638239199
0.73199371075033071,-24.947300638239199
0.73199371075033071,-25.187483044188639
0.73135099163922712,-25.187483044188639
0.73135099163922712,-24.947300638239199
0.73000921719237577,-24.947300638239199
0.73000921719237577,-25.187483044188639
0.72933861593963334,-25.187483044188639
0.72866143736116928,-25.187252591986748
0.72866143736116928,-24.947070186037195
0.72667665783253077,-24.947070186037195
0.72667665783253077,-24.696645460004447
0.72533488338567942,-24.696645460004447
0.72533488338567942,-24.45646305405478
0.72466428213293699,-24.45646305405478
0.72466428213293699,-24.696645460004447
0.72200861538087246,-24.696645460004447
0.72200861538087246,-24.947070186037195
0.72133801412813048,-24.947070186037195
0.72133801412813048,-24.696645460004447
0.72066741287538805,-24.696645460004447
0.72066741287538805,-24.216075801703479
0.7193256384285367,-24.216075801703479
0.7193256384285367,-24.45625820765304
0.71801167463065285,-24.45625820765304
0.71801167463065285,-24.216075801703479
0.71535607937125945,-24.216075801703479
0.71535607937125945,-23.965907133672889
0.71468547811851701,-23.965907133672889
0.71468547811851701,-23.725724727723215
0.71401416193906608,-23.725724727723215
0.7133435606863241,-23.965907133672889
0.71267295943358189,-23.965907133672889
0.71200235818083946,-23.725724727723215
0.71001765014487184,-23.725724727723215
0.70934633396542113,-23.485542321773664
0.70867573271267847,-23.485542321773664
0.70800513145993649,-23.245359915824
0.70666335701308491,-23.245359915824
0.70666335701308491,-22.994935189791249
0.70534953620054308,-22.994935189791249
0.70534953620054308,-23.245359915824
0.70534953620054308,-22.994935189791249
0.70467893494780065,-22.994935189791249
0.70467893494780065,-22.754752783841692
0.7033370890082784,-22.754752783841692
0.70266648775553642,-22.994935189791249
0.70202376864443239,-22.994935189791249
0.70202376864443239,-22.514365531490402
0.70135316739169018,-22.514365531490402
0.70135316739169018,-22.023784005308244
0.70068256613894819,-22.023784005308244
0.70068256613894819,-22.263966411257801
0.70001196488620576,-22.263966411257801
0.70001196488620576,-22.514135079288508
0.70001196488620576,-22.263966411257801
0.69933564421979266,-22.262762938647601
0.69933564421979266,-22.02258053269793
0.69600916173697347,-22.02258053269793
0.69600916173697347,-21.531999006515889
0.69533856048423104,-21.531999006515889
0.69533856048423104,-21.291560542564184
0.69268289373216652,-21.291560542564184
0.69268289373216652,-21.05137813661463
0.69134111928531539,-21.05137813661463
0.69134111928531539,-20.81119573066508
0.68999934483846359,-20.81119573066508
0.68999934483846359,-20.561027062634366
0.68935662572736001,-20.561027062634366
0.68935662572736001,-20.320844656684699
0.68801485128050843,-20.320844656684699
0.68801485128050843,-20.080662250735145
0.68734425002776622,-20.080662250735145
0.68734425002776622,-19.830237524702401
0.68533158835748886,-19.830237524702401
0.68533158835748886,-19.59005511875273
0.68533158835748886,-19.830237524702401
0.68334680882885013,-19.830237524702401
0.68334680882885013,-19.59005511875273
0.68267620757610814,-19.59005511875273
0.68267620757610814,-19.099447986770429
0.68200560632336571,-19.099447986770429
0.68200560632336571,-18.859265580820875
0.68200560632336571,-19.099447986770429
0.68069178551082388,-19.099447986770429
0.68069178551082388,-18.859265580820875
0.68002046933137295,-18.859265580820875
0.68002046933137295,-18.619083174871207
0.67934986807863051,-18.619083174871207
0.67934986807863051,-18.378900768921653
0.67733720640835338,-18.378900768921653
0.67733720640835338,-18.128476042888902
0.67669448729724979,-18.128476042888902
0.67669448729724979,-17.888293636939238
0.67602388604450736,-17.648111230989684
0.67401115288155933,-17.648111230989684
0.67401115288155933,-17.397686504956823
0.67334055162881712,-17.397686504956823
0.67334055162881712,-17.157504099007269
0.67202673081627506,-17.157504099007269
0.67202673081627506,-16.907335430976786
0.67135612956353308,-16.907335430976786
0.67135612956353308,-16.667153025027005
0.67068552831079065,-16.667153025027005
0.67001421213133971,-16.416728298994371
0.66934025072306591,-16.414423776974786
0.66934025072306591,-16.174241371025232
0.66866964947032392,-16.174241371025232
0.66866964947032392,-15.933802907073414
0.66668494143435608,-15.933802907073414
0.66668494143435608,-15.69362050112386
0.66601434018161387,-15.69362050112386
0.66601434018161387,-15.44345183309315
0.66400160701866584,-15.44345183309315
0.66400160701866584,-15.203269427143596
0.66335888790756203,-15.203269427143596
0.66335888790756203,-14.712687900961328
0.6613462262372849,-14.712687900961328
0.6613462262372849,-14.472505495011774
0.66067562498454269,-14.472505495011774
0.65997642666345291,-14.232323089062334
0.65933370755234932,-14.232323089062334
0.65933370755234932,-13.992140683112666
0.65799193310549775,-13.992140683112666
0.65799193310549775,-13.74171595707992
0.65732133185275554,-13.74171595707992
0.65732133185275554,-13.261146298778954
0.65530859868980751,-13.261146298778954
0.65530859868980751,-13.010721572746206
0.65399477787726523,-13.010721572746206
0.65399477787726523,-12.77053916679654
0.65265300343041388,-12.77053916679654
0.65265300343041388,-12.530356760847098
0.65198240217767145,-12.530356760847098
0.65198240217767145,-12.290174354897545
0.65066858136512962,-12.290174354897545
0.65066858136512962,-12.039749628864683
0.64999726518567846,-12.039749628864683
0.64999726518567846,-11.79956722291513
0.64932666393293625,-11.79956722291513
0.64932666393293625,-11.559384816965462
0.64734195589696841,-11.559384816965462
0.64734195589696841,-11.309216148934864
0.64600018145011684,-11.309216148934864
0.64600018145011684,-11.069033742985198
0.64532886527066591,-11.069033742985198
0.64532886527066591,-10.828595279033491
0.6446582640179237,-10.828595279033491
0.6446582640179237,-10.588412873084051
0.64331648957107213,-10.588412873084051
0.64331648957107213,-10.338244205053345
0.64200266875853007,-10.338244205053345
0.64200266875853007,-10.098061799103789
0.64066089431167872,-10.098061799103789
0.64066089431167872,-9.8578793931542368
0.63998957813222779,-9.8578793931542368
0.63931726105538456,-9.8560101697382834
0.63931726105538456,-9.6055854437054222
0.63867454194428097,-9.6055854437054222
0.63867454194428097,-9.3654030377558684
0.63599099305057805,-9.3654030377558684
0.63599099305057805,-9.1252206318062008
0.63531967687112689,-9.1252206318062008
0.63531967687112689,-8.8747959057734533
0.63333496883515905,-8.8747959057734533
0.63266436758241684,-8.6346134998240132
0.63132259313556549,-8.6346134998240132
0.63132259313556549,-8.3944310938742319
0.63065127695611456,-8.3944310938742319
0.63065127695611456,-8.1440063678415981
0.62933745614357228,-8.1440063678415981
0.62933745614357228,-7.9038239618919306
0.62732479447329514,-7.9038239618919306
0.62732479447329514,-7.6636415559423767
0.62534001494465663,-7.6636415559423767
0.62534001494465663,-7.4132168299095156
0.62335530690868857,-7.4132168299095156
0.62335530690868857,-7.1730344239599617
0.62067168652231475,-7.1730344239599617
0.62067168652231475,-6.9328520180104078
0.6193299120754634,-6.9328520180104078
0.61865931082272096,-6.6926696120607403
0.61667460278675335,-6.6926696120607403
0.61667460278675335,-6.4422448860281065
0.6139909824003793,-6.4422448860281065
0.6139909824003793,-6.202062480078439
0.61133531564831478,-6.202062480078439
0.61133531564831478,-5.9618800741288851
0.60666570035789769,-5.9611375059225793
0.60666570035789769,-5.710968837891869
0.60401010509850406,-5.710968837891869
0.60333950384576185,-5.4705303739401643
0.60001294987027176,-5.4705303739401643
0.60001294987027176,-5.2303479679906104
0.59867117542342041,-5.2303479679906104
0.59867117542342041,-5.4705303739401643
0.59800057417067798,-5.4705303739401643
0.59735785505957417,-5.2303479679906104
0.59668725380683196,-5.2303479679906104
0.59668725380683196,-5.4705303739401643
0.59601593762738103,-5.4705303739401643
0.59601593762738103,-5.2303479679906104
0.59400327595710367,-5.2303479679906104
0.59400327595710367,-4.9901655620409429
0.59400327595710367,-5.2303479679906104
0.59268945514456184,-5.2303479679906104
0.59268945514456184,-4.9901655620409429
0.59201885389181941,-4.9901655620409429
0.59134753771236848,-5.2303479679906104
0.59067693645962605,-5.2303479679906104
0.59067693645962605,-4.9901655620409429
0.58134027961494295,-4.9901655620409429
0.58066667567002428,-4.9897302634371954
0.58066667567002428,-4.7395615954065988
0.58002395655892047,-4.7395615954065988
0.58002395655892047,-4.9897302634371954
0.57868218211206912,-4.9897302634371954
0.57868218211206912,-4.7395615954065988
0.57801158085932669,-4.7395615954065988
0.57734097960658448,-4.9897302634371954
0.57666966342713333,-4.9897302634371954
0.57666966342713333,-4.7395615954065988
0.55933819567728937,-4.7395615954064851
0.55933819567728937,-4.499379189457045
0.55866759442454694,-4.499379189457045
0.55799699317180473,-4.7395615954064851
0.55665514723228227,-4.7395615954064851
0.55665514723228227,-4.499379189457045
0.55598454597954006,-4.499379189457045
0.55531394472679763,-4.7395615954064851
0.55467122561569404,-4.7395615954064851
0.55467122561569404,-4.499379189457045
0.55131671800589421,-4.499379189457045
0.54932915026309193,-4.4991743430553015
0.54932915026309193,-4.2589919371055203
0.54865854901034972,-4.2589919371055203
0.54865854901034972,-4.4991743430553015
0.54533199503485963,-4.4991743430553015
0.54533199503485963,-4.2589919371055203
0.53733711263702766,-4.2589919371055203
0.53733711263702766,-4.0085672110728874
0.53666651138428523,-4.0085672110728874
0.53666651138428523,-4.2589919371055203
0.53599591013154324,-4.2589919371055203
0.53599591013154324,-4.0085672110728874
0.5233327708040405,-4.0085672110728874
0.5233327708040405,-3.7683848051233326
0.52266145462458957,-3.7683848051233326
0.52266145462458957,-4.0085672110728874
0.52199085337184736,-4.0085672110728874
0.52131746390494138,-3.7683848051233326
0.52067474479383757,-3.7683848051233326
0.52000414354109536,-4.0085672110728874
0.51866236909424357,-4.0085672110728874
0.51866236909424357,-3.7683848051233326
0.51799105291479286,-3.7683848051233326
0.51732045166205043,-4.0085672110728874
0.51664985040930822,-4.0085672110728874
0.51664985040930822,-3.7683848051233326
0.51533602959676617,-3.7683848051233326
0.51533602959676617,-4.0085672110728874
0.51399425514991481,-4.0085672110728874
0.51399425514991481,-3.7683848051233326
0.51265240921039235,-3.7683848051233326
0.51265240921039235,-4.0085672110728874
0.51200969009928854,-4.0085672110728874
0.51133908884654633,-3.7683848051233326
0.51066848759380412,-3.7683848051233326
0.50999788634106169,-4.0085672110728874
0.50868406552851986,-4.0085672110728874
0.50868406552851986,-3.7683848051233326
0.50798486720743008,-3.7683848051233326
0.50798486720743008,-4.0085672110728874
0.50066094352569501,-4.0085672110728874
0.50066094352569501,-4.2589919371055203
0.50001822441459121,-4.2589919371055203
0.50001822441459121,-4.0085672110728874
0.49599282958136581,-4.0085672110728874
0.49599282958136581,-4.2589919371055203
0.49266627560587573,-4.2589919371055203
0.48933550356280459,-4.259299206708306
0.48933550356280459,-4.4994816126578598
0.4846672466331336,-4.4994816126578598
0.4846672466331336,-4.7396640186073
0.48399664538039161,-4.7396640186073
0.48332604412764918,-4.4994816126578598
0.48265544287490703,-4.4994816126578598
0.482012723763803,-4.7396640186073
0.48067094931695159,-4.7396640186073
0.48067094931695159,-4.4994816126578598
0.48000034806420938,-4.4994816126578598
0.48000034806420938,-4.7396640186073
0.47466106092577109,-4.7396640186073
0.47466106092577109,-4.9898326866380103
0.47399045967302889,-4.9898326866380103
0.47334774056192508,-4.7396640186073
0.47267713930918281,-4.7396640186073
0.47267713930918281,-4.9898326866380103
0.46532525484387088,-4.9898326866380103
0.46532525484387088,-5.2300150925875641
0.46468232125475478,-5.2300150925875641
0.46468232125475478,-4.9898326866380103
0.4633405253601019,-4.9898326866380103
0.4633405253601019,-5.2300150925875641
0.46266963813667611,-5.2300150925875641
0.46199649174485108,-5.2305528143922402
0.46199649174485108,-4.9903704084425726
0.46065469585019841,-4.9903704084425726
0.46065469585019841,-5.2305528143922402
0.45998380862677268,-5.2305528143922402
0.4593129214033469,-4.9903704084425726
0.45864203417992111,-4.9903704084425726
0.45864203417992111,-5.2305528143922402
0.44664974632950871,-5.2305528143922402
0.44664974632950871,-5.470735220341794
0.44597885910608309,-5.470735220341794
0.44530797188265758,-5.2305528143922402
0.44466503829354109,-5.2305528143922402
0.44396619743580579,-5.470735220341794
0.44265229083205893,-5.470735220341794
0.44265229083205893,-5.2305528143922402
0.43865486393167691,-5.2305528143922402
0.43865486393167691,-5.470735220341794
0.4379839767082514,-5.470735220341794
0.4379839767082514,-5.2305528143922402
0.43664218796286591,-5.2305528143922402
0.43664218796286591,-5.470735220341794
0.43532834570252232,-5.470735220341794
0.43532834570252232,-5.2305528143922402
0.4339865498078696,-5.2305528143922402
0.4339865498078696,-5.470735220341794
0.43331566258444387,-5.470735220341794
0.43264482540588761,-5.470735220341794
0.43264482540588761,-5.2305528143922402
0.41732600502778627,-5.2305528143922402
0.41732600502778627,-5.470735220341794
0.41665511780436049,-5.470735220341794
0.41665511780436049,-5.2305528143922402
0.40866017106312502,-5.2305528143922402
0.40866017106312502,-5.470735220341794
0.40731838231773931,-5.470735220341794
0.40731838231773931,-5.2305528143922402
0.40600454005739611,-5.2305528143922402
0.40600454005739611,-5.470735220341794
0.40466274416274328,-5.470735220341794
0.40466274416274328,-5.2305528143922402
0.4039918569393175,-5.2305528143922402
0.39865262699501591,-5.2305528143922402
0.39865262699501591,-5.470735220341794
0.39731083110036342,-5.470735220341794
0.39731083110036342,-5.2305528143922402
0.39199956193963809,-5.2305528143922402
0.39199956193963809,-5.470735220341794
0.39065777319425238,-5.470735220341794
0.39065777319425238,-5.2305528143922402
0.38998688597082681,-5.2305528143922402
0.38934395238171038,-5.470735220341794
0.3886451115239753,-5.470735220341794
0.38800217793485903,-5.2305528143922402
0.38666038204020609,-5.2305528143922402
0.38666038204020609,-5.470735220341794
0.38598949481678058,-5.470735220341794
0.38598949481678058,-5.2305528143922402
0.38467565255643699,-5.2305528143922402
0.38467565255643699,-5.470735220341794
0.37933643691066948,-5.470735220341794
0.37933643691066948,-5.7111736842934988
0.37866554968724397,-5.7111736842934988
0.37799466246381841,-5.470735220341794
0.3766528665691653,-5.470735220341794
0.3766528665691653,-5.7111736842934988
0.37466812993612941,-5.7111736842934988
0.37067069588648049,-5.7117626176985823
0.37067069588648049,-5.9619312857291789
0.36865800561913509,-5.9619312857291789
0.36865800561913509,-5.7117626176985823
0.3679871183957093,-5.7117626176985823
0.3679871183957093,-5.9619312857291789
0.36734418480659298,-5.9619312857291789
0.36734418480659298,-6.2021136916788464
0.36667329758316719,-6.2021136916788464
0.36667329758316719,-5.9619312857291789
0.36600241035974118,-5.9619312857291789
0.36600241035974118,-6.2021136916788464
0.36267587783205241,-6.2021136916788464
0.36267587783205241,-6.4422960976284003
0.35999229319201409,-6.4422960976284003
0.35999229319201409,-6.6927208236612614
0.35865049729736143,-6.6927208236612614
0.35865049729736143,-6.4422960976284003
0.35797961007393542,-6.4422960976284003
0.35797961007393542,-6.6927208236612614
0.3573087228505098,-6.6927208236612614
0.3573087228505098,-6.9329032296107016
0.35398219747208781,-6.9329032296107016
0.35331131024866219,-7.1730856355602564
0.35132657361562608,-7.1730856355602564
0.35132657361562608,-7.413268041509923
0.34864298897558771,-7.413268041509923
0.34864298897558771,-7.6636927675426705
0.3473291467152444,-7.6636927675426705
0.3473291467152444,-7.9038751734922243
0.34598735082059151,-7.9038751734922243
0.34598735082059151,-8.1440575794418919
0.3446454190898644,-8.1440575794418919
0.3426607253524307,-8.1455427158545035
0.3426607253524307,-8.3959674418873647
0.34131892945777759,-8.3959674418873647
0.34131892945777759,-8.6361498478369185
0.3399770906675228,-8.6361498478369185
0.3399770906675228,-8.8763322537864724
0.33933415707840647,-8.6361498478369185
0.33933415707840647,-8.8763322537864724
0.33799236118375342,-8.8763322537864724
0.33799236118375342,-9.1267569798192199
0.3366505652891007,-9.1267569798192199
0.33597967806567491,-9.3669393857687737
0.3346658358053316,-9.3669393857687737
0.3346658358053316,-9.6071217917184395
0.33332403991067888,-9.6071217917184395
0.33332403991067888,-9.8575465177511887
0.33265315268725287,-9.8575465177511887
0.33265315268725287,-10.097728923700744
0.32999750023372298,-10.097728923700744
0.32999750023372298,-10.33791132965041
0.32932661301029698,-10.33791132965041
0.32932661301029698,-10.588079997680891
0.32798482426491149,-10.588079997680891
0.32798482426491149,-10.828262403630561
0.3273139370414857,-10.828262403630561
0.3273139370414857,-11.068700867582264
0.32465830603575679,-11.068700867582264
0.32465830603575679,-11.308883273531819
0.32398741881233101,-11.308883273531819
0.32398741881233101,-11.559051941562529
0.3226456300669453,-11.559051941562529
0.3226456300669453,-11.799234347512083
0.31998999191194932,-11.799234347512083
0.31998999191194932,-12.039416753461751
0.3193191046885237,-12.039416753461751
0.3193191046885237,-12.289841479494385
0.31800526242818011,-12.289841479494385
0.31800526242818011,-12.53002388544394
0.31666346653352773,-12.53002388544394
0.31666346653352773,-12.770206291393606
0.31599257931010172,-12.770206291393606
0.31599257931010172,-13.01038869734316
0.31532169208667588,-13.01038869734316
0.31532169208667588,-13.260813423376019
0.31465091210225621,-13.262887493193602
0.31465091210225621,-13.012462767160969
0.3139800248788307,-13.012462767160969
0.3139800248788307,-13.262887493193602
0.31333709128971438,-13.262887493193602
0.31333709128971438,-13.50306989914327
0.3113243938731014,-13.50306989914327
0.3113243938731014,-13.743252305092824
0.31065350664967578,-13.743252305092824
0.31065350664967578,-13.993677031125683
0.30998261942625022,-13.993677031125683
0.30998261942625022,-14.233859437075241
0.30866877716590668,-14.233859437075241
0.30866877716590668,-14.474041843024793
0.30598519252586848,-14.474041843024793
0.30598519252586848,-14.964623369206947
0.30531430530244269,-14.964623369206947
0.30531430530244269,-15.204805775156728
0.30400046304209938,-15.204805775156728
0.30400046304209938,-15.444988181106169
0.30265867429671361,-15.444988181106169
0.30265867429671361,-15.695156849136763
0.30131687840206078,-15.695156849136763
0.30131687840206078,-15.444988181106169
0.30131687840206078,-15.695156849136763
0.30067394481294452,-15.695156849136763
0.30067394481294452,-15.935339255086433
0.30000305758951867,-15.935339255086433
0.30000305758951867,-16.175777719038138
0.29866126884413302,-16.175777719038138
0.29866126884413302,-16.415960124987805
0.2973194729494803,-16.415960124987805
0.2973194729494803,-16.666384851020553
0.2960053804647893,-16.666384851020553
0.2960053804647893,-16.906567256969993
0.29533449324136352,-16.906567256969993
0.29533449324136352,-17.156735925000703
0.29466360601793767,-17.156735925000703
0.29466360601793767,-17.396918330950257
0.29332181727255219,-17.396918330950257
0.29332181727255219,-17.647343056983118
0.29200797501220888,-17.647343056983118
0.29200797501220888,-17.887525462932672
0.29133708778878281,-17.887525462932672
0.29133708778878281,-18.127707868882226
0.28932439037217028,-18.127707868882226
0.28932439037217028,-18.378132594914973
0.28733965373913412,-18.378132594914973
0.28733965373913412,-18.618315000864641
0.28666876651570838,-18.618315000864641
0.28666876651570838,-18.858497406814195
0.28599787929228282,-18.858497406814195
0.28599787929228282,-19.098679812763748
0.28532697062105572,-19.101291604385779
0.28532697062105572,-18.861109198436225
0.28532697062105572,-19.101291604385779
0.28465608339762988,-19.101291604385779
0.28465608339762988,-19.351460272416489
0.28401314980851361,-19.351460272416489
0.28401314980851361,-19.591898736368197
0.282671353913861,-19.591898736368197
0.282671353913861,-19.351460272416489
0.28200046669043521,-19.351460272416489
0.28200046669043521,-19.591898736368197
0.28132950797433848,-19.591898736368197
0.28132950797433848,-20.082480262550348
0.28065862075091269,-20.082480262550348
0.28001568716179648,-20.322662668499905
0.27934479993837069,-20.322662668499905
0.27934479993837069,-20.562845074449456
0.27800300404371803,-20.562845074449456
0.27800300404371803,-20.81301374248017
0.27601826741068169,-20.81301374248017
0.27601826741068169,-21.053196148429837
0.27534738018725591,-21.293378554379277
0.27534738018725591,-21.533817018330978
0.2733346899199105,-21.533817018330978
0.2733346899199105,-21.783985686361689
0.27199289402525761,-21.783985686361689
0.27199289402525761,-22.02416809231136
0.27067905176491419,-22.02416809231136
0.27067905176491419,-22.26435049826091
0.2700081645414884,-22.26435049826091
0.2700081645414884,-22.514519166291507
0.267995474274143,-22.514519166291507
0.267995474274143,-22.754701572241171
0.26732458705071721,-22.754701572241171
0.26732458705071721,-22.994883978190728
0.2660107519396408,-22.994883978190728
0.2660107519396408,-23.245308704223479
0.26533986471621529,-23.245308704223479
0.26533986471621529,-23.485491110173143
0.26466897749278928,-23.485491110173143
0.26466897749278928,-23.725673516122697
0.26399809026936349,-23.725673516122697
0.26332720304593787,-23.485491110173143
0.26265631582251209,-23.485491110173143
0.26265631582251209,-23.966060768473994
0.26201338223339588,-23.966060768473994
0.26201338223339588,-24.216229436504705
0.26067158633874299,-24.216229436504705
0.25997274548100791,-24.456411842454258
0.25932981189189158,-24.456411842454258
0.25932981189189158,-24.696594248403809
0.2586589246684658,-24.696594248403809
0.2586589246684658,-24.94701897443656
0.25798803744504001,-24.94701897443656
0.25798803744504001,-24.696594248403809
0.25731715022161428,-24.696594248403809
0.25731715022161428,-24.94701897443656
0.25664626299818849,-24.94701897443656
0.25664626299818849,-25.187201380386227
0.2560033437076068,-25.189608325606287
0.2560033437076068,-25.42979073155584
0.25399065344026112,-25.42979073155584
0.25399065344026112,-25.669973137505508
0.25197776299343722,-25.669973137505508
0.25197776299343722,-25.920141805536218
0.24932213198770789,-25.920141805536218
0.24932213198770789,-26.160324211485769
0.2486512447642823,-26.160324211485769
0.2486512447642823,-26.650931343468077
0.24798035754085679,-26.650931343468077
0.24798035754085679,-26.40050661743533
0.2473374239517403,-26.40050661743533
0.2473374239517403,-26.160324211485769
0.24666653672831451,-26.160324211485769
0.24666653672831451,-26.40050661743533
0.2459956495048887,-26.40050661743533
0.2459956495048887,-26.891113749417741
0.24465385361023601,-26.891113749417741
0.24465385361023601,-26.40050661743533
0.24398296638681019,-26.40050661743533
0.24398296638681019,-26.650931343468077
0.2433400327976937,-26.650931343468077
0.2433400327976937,-27.131501001769038
0.2419981725596374,-27.131501001769038
0.2419981725596374,-26.891318595819371
0.24132728533621181,-26.891318595819371
0.24132728533621181,-27.131501001769038
0.2399854965908261,-27.131501001769038
0.2399854965908261,-27.381669669799635
0.23732984413729569,-27.381669669799635
0.23732984413729569,-27.621852075749302
0.23467421313156689,-27.621852075749302
0.23467421313156689,-27.862034481698856
0.23199062134226131,-27.862034481698856
0.23199062134226131,-28.10221688764841
0.2313197341188355,-28.10221688764841
0.2313197341188355,-27.862034481698856
0.2300058918584921,-27.862034481698856
0.2300058918584921,-28.10221688764841
0.22866409596383949,-28.10221688764841
0.22866409596383949,-28.352641613681161
0.22732230006918661,-28.352641613681161
0.22732230006918661,-28.592824019630825
0.22665141284576101,-28.592824019630825
0.22665141284576101,-28.842992687661532
0.2259806042642731,-28.593950674840361
0.2259805256223352,-28.842992687661532
0.22533767067515709,-28.35376826889069
0.22533767067515709,-28.103343542857942
0.2246667834517313,-28.103343542857942
0.2246667834517313,-28.593950674840361
0.22399589622830529,-28.593950674840361
0.22399589622830529,-28.844119342870957
0.2219832059609598,-28.844119342870957
0.2219832059609598,-29.084301748820621
0.21865667343327089,-29.084301748820621
0.21865667343327089,-29.324484154770172
0.2179857862098451,-29.564666560719729
0.21600104957680871,-29.564666560719729
0.21600104957680871,-29.324484154770172
0.21600104957680871,-29.564666560719729
0.2146592536821561,-29.564666560719729
0.2146592536821561,-29.81509128675259
0.2126743812130453,-29.81509128675259
0.2126743812130453,-30.055529750704181
0.21200349398961979,-30.055529750704181
0.21200349398961979,-29.81509128675259
0.21133260676619381,-29.81509128675259
0.21133260676619381,-30.055529750704181
0.21066171954276799,-30.055529750704181
0.21066171954276799,-30.536099409005143
0.2099908323193424,-30.536099409005143
0.2099908323193424,-30.295917003055479
0.20931994509591659,-30.295917003055479
0.20931994509591659,-30.055734597105925
0.20931994509591659,-30.295917003055479
0.2086770115068004,-30.295917003055479
0.2086770115068004,-30.536099409005143
0.20800612428337459,-30.536099409005143
0.20800612428337459,-31.026680935187187
0.2066643283887217,-31.026680935187187
0.2066643283887217,-30.786498529237747
0.20599344116529611,-30.53632986120704
0.20599344116529611,-30.786498529237747
0.20532255394187029,-30.786498529237747
0.20532255394187029,-31.267068187538602
0.20333781730883421,-31.267068187538602
0.20333781730883421,-31.517236855569308
0.2026669300854084,-31.517236855569308
0.20199604286198269,-31.757419261518866
0.20132515563855691,-31.757419261518866
0.20132515563855691,-31.997857725470453
0.20068222204944061,-31.997857725470453
0.20068222204944061,-31.757419261518866
0.2000113348260148,-31.757419261518866
0.2000113348260148,-31.997857725470453
0.19934044760258901,-31.997857725470453
0.19934044760258901,-32.238040131420121
0.1986695603791635,-32.238040131420121
0.19799867315573769,-32.488464857452868
0.19732778593231171,-32.488464857452868
0.19732778593231171,-32.728647263402422
0.19665689870888611,-32.728647263402422
0.1960139436719685,-32.728442417000906
0.1960139436719685,-32.968624822950574
0.19534305644854269,-32.968624822950574
0.19534305644854269,-32.728442417000906
0.19534305644854269,-32.968624822950574
0.19134562954816101,-32.968624822950574
0.19134562954816101,-33.219049548983321
0.19000383365350829,-33.219049548983321
0.19000383365350829,-33.459231954932875
0.1893329464300825,-33.459231954932875
0.1893329464300825,-33.69967041888458
0.18799115053542989,-33.69967041888458
0.18799115053542989,-33.219075154783468
0.18734821694631359,-33.219075154783468
0.18734821694631359,-32.728493628601314
0.18667732972288781,-32.728493628601314
0.18667732972288781,-32.968676034550867
0.18600644249946199,-32.968676034550867
0.18600644249946199,-33.219100760583615
0.18600644249946199,-32.968676034550867
0.18533555527603629,-32.968676034550867
0.18533555527603629,-32.728493628601314
0.1826799171210402,-32.728493628601314
0.1826799171210402,-32.48831122265176
0.18200902989761439,-32.48831122265176
0.18200902989761439,-32.248128816702092
0.1813381426741886,-32.248128816702092
0.1813381426741886,-31.997704090669345
0.1786822614441117,-31.997704090669345
0.1786822614441117,-31.75726562671764
0.17666957117676599,-31.75726562671764
0.17666957117676599,-31.51708322076809
0.174013940171037,-31.51708322076809
0.174013940171037,-31.266914552737376
0.1733430529476114,-31.266914552737376
0.1733430529476114,-31.026732146787825
0.1733430529476114,-31.266914552737376
0.17267216572418559,-31.266914552737376
0.17267216572418559,-31.51708322076809
0.1720012785007598,-31.51708322076809
0.1720012785007598,-31.266914552737376
0.17133039127733429,-31.266914552737376
0.17133039127733429,-31.026732146787825
0.1706874576882178,-31.026732146787825
0.1706874576882178,-31.266914552737376
0.17001657046479199,-31.266914552737376
0.17001657046479199,-31.51708322076809
0.1693456832413664,-31.51708322076809
0.1693456832413664,-31.266914552737376
0.16867479601794039,-31.266914552737376
0.16867479601794039,-31.026732146787825
0.16800390879451479,-30.786549740838268
0.16800390879451479,-31.026732146787825
0.16733346482564829,-31.51687837436657
0.16733302157108909,-31.026732146787825
0.1666625776022225,-31.51687837436657
0.1666625776022225,-31.266709706335973
0.16333604507453381,-31.266709706335973
0.16333604507453381,-31.51687837436657
0.16333604507453381,-31.266709706335973
0.1606524532852282,-31.266709706335973
0.1606524532852282,-31.51687837436657
0.1586397630178826,-31.51687837436657
0.1586397630178826,-31.757060780316124
0.15598413201215369,-31.757060780316124
0.15598413201215369,-31.997499244267829
0.15531324478872821,-31.997499244267829
0.15531324478872821,-31.757060780316124
0.1539708912512425,-31.757060780316124
0.1539708912512425,-31.997499244267829
0.1526570489908991,-31.997499244267829
0.1526570489908991,-32.247923970300576
0.15198616176747359,-32.247923970300576
0.1513152745440475,-32.488106376250244
0.1513152745440475,-32.728288782199797
0.1506443873206218,-32.728288782199797
0.1506443873206218,-32.968471188149351
0.1500014537315055,-32.968471188149351
0.1500014537315055,-32.728288782199797
0.14933056650807991,-32.728288782199797
0.14933056650807991,-32.488106376250244
0.1486596792846539,-32.488106376250244
0.1486596792846539,-32.968676034551095
0.14798879206122839,-32.968676034551095
0.14798879206122839,-33.219100760583842
0.14597610179388271,-33.219100760583842
0.14597610179388271,-33.45928316653351
0.1453052145704572,-33.45928316653351
0.1453052145704572,-33.699721630485101
0.14466228098134071,-33.699721630485101
0.14466228098134071,-33.949890298515811
0.14332048508668799,-33.949890298515811
0.14332048508668799,-34.430459956816776
0.1426495978632622,-34.430459956816776
0.1426495978632622,-35.161326312149299
0.14197871063983639,-35.161326312149299
0.14197871063983639,-35.401764776101004
0.1413357770507202,-35.401764776101004
0.1413357770507202,-35.652189502133751
0.14063693619298509,-35.892371908083419
0.1399940026038686,-35.892371908083419
0.1399940026038686,-36.38295343426546
0.13932311538044281,-36.38295343426546
0.13932311538044281,-37.103833527517054
0.13865222815701719,-37.103833527517054
0.13865222815701719,-37.594415053699208
0.13798134093359149,-37.594415053699208
0.13798134093359149,-37.844583721729919
0.13798129088872191,-38.084561281278177
0.13733835729960561,-38.084561281278177
0.13733835729960561,-38.565130939579042
0.1366674700761796,-38.565130939579042
0.1366674700761796,-39.05573807156145
0.13599658285275401,-39.05573807156145
0.13599658285275401,-39.786604426893973
0.1353256956293282,-39.786604426893973
0.1353256956293282,-41.248362743359394
0.13465480840590249,-41.248362743359394
0.13465480840590249,-42.950405888975411
0.1339839211824769,-42.950405888975411
0.1339839211824769,-44.161867508409046
0.13331303395905089,-44.412036176439763
0.13331303395905089,-45.863782625023987
0.1326701003699346,-45.863782625023987
0.1326701003699346,-47.565800164839629
0.13199921314650909,-47.816224890872491
0.13199921314650909,-49.518268036488401
0.13132832592308299,-49.518268036488401
0.13132832592308299,-50.729704050121882
0.13065743869965729,-50.980128776154629
0.13065743869965729,-52.191590395588378
0.1299865514762317,-52.431772801537932
0.1299865514762317,-55.595574263619255
0.12931566425280611,-55.835756669568809
0.12931566425280611,-59.980746789814816
0.12867273066368959,-60.220929195764256
0.12867273066368959,-62.894123525863279
0.1280018434402638,-63.144548251896026
0.1280018434402638,-65.327186661613041
0.1273309562168381,-65.577355329643751
0.1273309562168381,-68.25054965974266
0.12666006899341251,-68.490732065692328
0.12666006899341251,-71.163952001591497
0.1259891817699865,-71.404134407541051
0.1259891817699865,-75.559110789867987
0.1253182945465609,-75.799549253819691
0.1253182945465609,-80.174786729534503
0.1246474073231351,-80.414969135484057
0.1246474073231351,-83.58878246544657
0.1240044737340186,-83.58878246544657
0.1240044737340186,-86.502287230496336
0.1233335865105929,-86.502287230496336
0.1233335865105929,-88.204330376112239
0.1226626992871673,-88.204330376112239
0.1226626992871673,-88.935196731444762
0.1219918120637415,-88.935196731444762
0.1219918120637415,-89.17537913739443
0.1213209248403159,-89.17537913739443
0.1213209248403159,-88.694809479093465
0.1206500376168899,-88.694809479093465
0.1206500376168899,-87.233051162628044
0.1199791503934641,-87.233051162628044
0.1199791503934641,-84.309534529697089
0.1193362168043481,-84.069352123747535
0.1193362168043481,-81.155872964498144
0.1186653295809221,-80.905448238465397
0.1186653295809221,-78.472513131716596
0.1179944423574965,-78.232330725767042
0.1179944423574965,-75.799421224818502
0.1173235551340707,-75.558982760866797
0.1173235551340707,-73.126073259918371
0.11665266791064489,-72.875904591887661
0.11665266791064489,-69.95238795895682
0.1159817806872194,-69.701963232923958
0.1159817806872194,-66.057592112541784
0.1153388470981029,-65.817409706592116
0.1153388470981029,-62.893893073661282
0.11466795987467709,-62.653710667711607
0.11466795987467709,-60.461085995913663
0.1139970726512515,-60.220903589964003
0.1139970726512515,-58.999430102648944
0.11332618542782549,-58.75924769669939
0.11332618542782549,-57.788070906416237
0.11265529820439971,-57.788070906416237
0.11265529820439971,-56.566623024901332
0.1119844109809742,-56.326184560949628
0.1119844109809742,-53.893275060001201
0.1113135237575484,-53.653092654051534
0.1113135237575484,-51.220183153103108
0.1106705901684321,-51.220183153103108
0.1106705901684321,-49.998709665788056
0.1099997029450063,-49.998709665788056
0.1099997029450063,-48.546963217203832
0.1093288157215806,-48.296794549173228
0.1093288157215806,-47.085332929739479
0.108657928498155,-46.845150523789926
0.108657928498155,-46.594981855759215
0.1086577497664778,-46.114796284461363
0.1079868625430517,-46.114796284461363
0.1079868625430517,-45.624189152479062
0.10731597531962619,-45.384006746529394
0.10731597531962619,-44.893425220347353
0.1066730417305099,-44.893425220347353
0.1066730417305099,-44.162558865014717
0.1060021545070841,-43.922120401063012
0.1060021545070841,-42.950969216580006
0.1053312672836583,-42.950969216580006
0.1053312672836583,-42.220077255447222
0.10466038006023259,-41.979894849497562
0.10466038006023259,-41.729470123464807
0.103989492836807,-41.729470123464807
0.103989492836807,-41.489287717515253
0.1033186056133812,-41.489287717515253
0.1033186056133812,-41.249105311565593
0.1026477183899554,-41.249105311565593
0.1026477183899554,-40.758523785383545
0.1020047848008391,-40.758523785383545
0.1020047848008391,-40.27792852128232
0.1013338975774134,-40.027759853251723
0.1013338975774134,-39.547190194950758
0.1006630103539876,-39.547190194950758
0.1006630103539876,-39.297021526920162
0.0999921231305618,-39.297021526920162
0.0999921231305618,-39.056839120970494
0.099321235907135999,-39.056839120970494
0.099321235907135999,-38.81665671502094
0.098007393646792604,-38.81665671502094
0.098007393646792604,-38.326049583038525
0.097336506423367095,-38.326049583038525
0.097336506423367095,-38.085867177088971
0.096665619199941294,-38.326049583038525
0.095994731976515493,-38.326049583038525
0.095994731976515493,-38.085867177088971
0.095323844753089707,-38.085867177088971
0.095323844753089707,-37.595285650906817
0.094680911163973397,-37.595285650906817
0.094680911163973397,-37.845454318937527
0.094010023940547693,-37.845454318937527
0.094010023940547693,-38.085636724887202
0.093339136717121907,-38.085636724887202
0.092668249493696106,-37.845454318937527
0.092668249493696106,-37.354872792755373
0.0919973622702705,-37.354872792755373
0.0919973622702705,-37.595055198704927
0.091326475046844699,-37.595055198704927
0.091326475046844699,-37.845223866735637
0.090654980135716795,-37.845223866735637
0.090654980135716795,-38.085406272685297
0.090654980135716795,-37.845223866735637
0.088670243502680698,-37.845223866735637
0.087999356279254898,-38.085406272685297
0.087328469055829097,-38.085406272685297
0.087328469055829097,-38.325588678634745
0.085343732422793001,-38.325588678634745
0.085343732422793001,-38.565771084584412
0.0846728451993672,-38.565771084584412
0.084001957975941399,-38.81619581061716
0.083331070752515599,-39.056378216566827
0.083331070752515599,-39.296560622516381
0.082660183529089798,-39.296560622516381
0.082660183529089798,-39.546729290547091
0.081989296305664303,-39.546729290547091
0.081989296305664303,-39.786911696496645
0.081346362716547799,-39.786911696496645
0.081346362716547799,-40.027094102446199
0.080675475493122206,-40.277262770476909
0.080004588269696406,-40.277262770476909
0.080004588269696406,-40.517445176426577
0.079333701046270605,-40.517445176426577
0.079333701046270605,-40.757883640378168
0.078662813822844901,-40.757883640378168
0.078662749479441102,-40.758882266586632
0.077991862256015398,-40.999064672536178
0.077991862256015398,-41.489646198718333
0.077348928666899103,-41.489646198718333
0.077348928666899103,-42.220512554050856
0.076678041443473302,-42.220512554050856
0.076678041443473302,-42.701107818152082
0.076007154220047501,-42.701107818152082
0.076007154220047501,-43.191689344334122
0.075336266996621701,-43.191689344334122
0.075336266996621701,-43.922555699666759
0.0746653797731959,-43.922555699666759
0.0746653797731959,-44.413162831649167
0.073994492549770405,-44.413162831649167
0.073994492549770405,-44.653345237598728
0.073323605326344604,-44.413162831649167
0.073323605326344604,-44.893732489950025
0.0726806717372281,-44.893732489950025
0.0726806717372281,-45.624598845282549
0.072009784513802494,-45.865037309234253
0.072009784513802494,-46.355618835416408
0.071338897290376693,-46.355618835416408
0.071338897290376693,-46.846200361598562
0.070668010066951004,-46.846200361598562
0.070668010066951004,-47.086382767548123
0.069997122843525203,-47.326565173497777
0.069997122843525203,-48.057457134630567
0.069326235620099597,-48.057457134630567
0.069326235620099597,-49.028608319113573
0.068683302030983301,-49.028608319113573
0.068683302030983301,-49.759500280246357
0.068012414807557306,-49.759500280246357
0.068012414807557306,-50.490366635579107
0.067341527584131505,-50.730549041528548
0.067341527584131505,-51.461441002661445
0.066670640360705996,-51.461441002661445
0.066670640360705996,-52.192307357994082
0.065999753137280195,-52.432489763943522
0.065999753137280195,-53.16338172507642
0.065328865913854395,-53.16338172507642
0.065328865913854395,-53.894248080409056
0.064685932324738099,-53.894248080409056
0.064685932324738099,-54.62514004154184
0.064015045101312396,-54.865322447491394
0.064015045101312396,-56.086770329006185
0.063344157877886595,-56.086770329006185
0.063344157877886595,-57.298231948439934
0.062673270654460794,-57.298231948439934
0.062673270654460794,-58.2694087387232
0.061974429796725697,-58.2694087387232
0.061974429796725697,-59.000275094055723
0.061331496207609401,-59.250443762086434
0.061331496207609401,-59.731013420387285
0.0606606089841836,-59.981438146420153
0.0606606089841836,-60.462007804721111
0.059989721760757599,-60.702190210670551
0.059989721760757599,-61.683378868835234
0.059318834537332103,-61.683378868835234
0.059318834537332103,-63.385422014451137
0.058647947313906497,-63.385422014451137
0.058647947313906497,-64.356573198934143
0.0586474397159433,-63.860255973503854
0.0586474397159433,-64.110680699536715
0.0586474397159433,-63.860255973503854
0.057977060090480703,-64.356573198934143
0.057977060090480703,-61.433056566003302
0.0579765524925175,-63.860255973503854
0.0579765524925175,-60.215884853121679
0.057334126501364199,-61.192874160053748
0.057334126501364199,-57.298206342639787
0.057333618903401197,-59.725277721139264
