E,j
0.057976981448542603,-12.294424917733068
0.058647868671968403,-10.101800245935236
0.058647868671968403,7.6595094334377336
0.059318755895394003,9.1212677499031543
0.059318755895394003,18.12206500416471
0.059989643118819998,19.333526623598345
0.059989643118819998,25.170522415778692
0.060660530342245597,26.151711073943147
0.060660530342245597,30.526948549658076
0.061331417565671398,31.25784051079097
0.061331417565671398,34.902211631173145
0.061974351154787603,35.392793157355413
0.061974351154787603,38.065987487454322
0.062673192012522694,38.306425951406027
0.062673192012522694,40.028492832784423
0.063344079235948494,40.028492832784423
0.063344079235948494,40.999644017267656
0.064014966459374295,41.239826423217096
0.064014966459374295,41.970718384349993
0.064685853682800096,42.210900790299547
0.064685853682800096,42.941767145632298
0.0653287872719166,42.941767145632298
0.0653287872719166,43.432348671814566
0.065999674495342095,43.432348671814566
0.065999674495342095,43.672531077764006
0.066670561718767896,43.672531077764006
0.066670561718767896,43.91271348371356
0.067341448942193502,43.91271348371356
0.067341448942193502,44.163138209746421
0.068012336165619497,44.163138209746421
0.068012336165619497,44.403320615695975
0.068683223389045298,44.403320615695975
0.068683223389045298,44.893902141878243
0.069326156978161496,44.893902141878243
0.069326156978161496,45.374497405979241
0.069997044201587102,45.374497405979241
0.069997044201587102,45.865078932161403
0.070667931425013097,45.865078932161403
0.070667931425013097,46.345648590462361
0.071338818648438704,46.345648590462361
0.071338818648438704,46.595817258492957
0.072007968599962793,47.082506703044373
0.072007968599962793,46.842068239092562
0.072678855823388594,46.842068239092562
0.072678855823388594,46.111201883760032
0.072680607393824398,46.595817258492957
0.072680607393824398,46.345648590462361
0.073321789412505098,45.871019477810371
0.073321789412505098,45.620594751777617
0.073323540982940694,46.345648590462361
0.073992676635930593,45.620594751777617
0.073992676635930593,45.380412345828063
0.074665336877593497,45.865078932161403
0.075336224101019297,45.614654206128648
0.076005366903276306,45.380412345828063
0.076005366903276306,45.140229939878402
0.076676254126701995,45.140229939878402
0.076676254126701995,44.900047533928841
0.077347141350127602,44.649622807896094
0.077348914368364996,44.893774112877168
0.077990074939244106,44.40944040194654
0.077991847957481,44.893774112877168
0.077991847957481,44.64334938684442
0.078660962162669698,44.169257995996986
0.078662735180906995,44.64334938684442
0.078662735180906995,44.403166980894873
0.079331849386095499,43.918833269964125
0.079331849386095499,43.678650864014571
0.080002736609521202,43.678650864014571
0.080002736609521202,43.438468458064897
0.080673623832947003,43.438468458064897
0.080673623832947003,42.947886931882863
0.081344511056372804,42.947886931882863
0.081344511056372804,42.467317273581898
0.081987444645489099,42.467317273581898
0.081987444645489099,41.97673574739963
0.083329240540141999,41.97673574739963
0.083329240540141999,41.736297283447925
0.084000127763567495,41.736297283447925
0.084000127763567495,41.485872557415057
0.084671014986993504,41.485872557415057
0.085341902210419096,41.24569015146551
0.086012789433844897,41.24569015146551
0.086012789433844897,41.00550774551607
0.088668420439574,41.00550774551607
0.088668420439574,40.75533907748536
0.089339307662999495,40.75533907748536
0.089339307662999495,40.274769419184508
0.089982241252115805,40.274769419184508
0.089982241252115805,39.784162287202093
0.089982241252115805,40.034587013234841
0.090653128475541606,40.034587013234841
0.090653128475541606,40.274769419184508
0.091994924370194506,40.274769419184508
0.091994924370194506,40.034587013234841
0.092665811593620001,39.784162287202093
0.092665811593620001,39.543979881252426
0.093336698817046093,39.543979881252426
0.093336698817046093,40.034587013234841
0.094007586040471797,40.034587013234841
0.094007586040471797,40.515156671535806
0.094678473263897403,40.515156671535806
0.094678473263897403,39.784264710402908
0.095321406853013699,39.784264710402908
0.095321406853013699,39.544082304453362
0.095992294076439499,39.544082304453362
0.095992294076439499,39.784264710402908
0.096663181299865203,39.784264710402908
0.096663181299865203,40.034689436435769
0.098004970045250994,40.034689436435769
0.098004970045250994,39.544082304453362
0.098647903634367207,39.544082304453362
0.098647903634367207,39.303899898503687
0.099318790857792993,39.303899898503687
0.099318790857792993,40.275076688787067
0.099989678081218794,40.275076688787067
0.099989678081218794,41.00594304411959
0.10066056530464459,41.00594304411959
0.10066056530464459,41.246125450069371
0.10066056530464459,41.00594304411959
0.1013314525280701,41.00594304411959
0.10133218175331279,40.755211048484057
0.10264602401365611,40.755211048484057
0.10264602401365611,41.005379716514653
0.10331691123708189,41.005379716514653
0.10331691123708189,41.485949374815618
0.10398779846050769,41.485949374815618
0.10398779846050769,41.976556506797806
0.10465868568393349,41.976556506797806
0.10465868568393349,42.216738912747473
0.1053295729073593,42.216738912747473
0.1053295729073593,42.46690758077807
0.1060004601307849,42.46690758077807
0.1060004601307849,42.707089986727738
0.1066713473542106,42.707089986727738
0.1066713473542106,42.947272392677291
0.10731428094332709,42.947272392677291
0.10731428094332709,44.16874587999223
0.1079851681667527,44.16874587999223
0.1079851681667527,45.139897064475463
0.1086560553901785,45.139897064475463
0.1086560553901785,45.620492328576574
0.10932694261360409,45.870917054609208
0.10932694261360409,46.351486712910173
0.1099978298370301,46.351486712910173
0.1099978298370301,46.842068239092328
0.11066871706045581,47.082506703044153
0.11066871706045581,47.573088229226414
0.1113116506495721,47.573088229226414
0.1113116506495721,48.303954584558937
0.1119825378729977,48.544136990508605
0.1119825378729977,50.246180136124622
0.1126534250964237,50.246180136124622
0.1126534250964237,52.438830413722826
0.1133243123198493,52.438830413722826
0.1133243123198493,53.890576862307057
0.113995199543275,53.890576862307057
0.113995199543275,54.871739914671252
0.1146660867667008,54.871739914671252
0.1146660867667008,55.842916704954519
0.1153369739901266,55.842916704954519
0.1153369739901266,58.035541376752462
0.1159799075792429,58.27572378270213
0.1159799075792429,61.439525244783511
0.11665079480266841,61.679707650733008
0.11665079480266841,64.112617151681548
0.11732168202609421,64.352799557631045
0.11732168202609421,68.247492980845266
0.1179925692495202,68.497917706878127
0.1179925692495202,72.382573656410898
0.11866345647294579,72.632998382443645
0.11866345647294579,75.306218318342871
0.11933434369637159,75.546400724292425
0.11933434369637159,78.469891751423006
0.1199772772854881,78.710074157372674
0.1199772772854881,81.633565184503311
0.12064816450891359,81.873747590452865
0.12064816450891359,85.518118710835154
0.12131905173233939,85.768543436868015
0.12131905173233939,91.355242532016575
0.1219899389557652,91.60566725804928
0.1219899389557652,96.962093391928633
0.122660826179191,97.452674918110915
0.122660826179191,101.33735647344383
0.1233317134026168,101.8279379996261
0.1233317134026168,105.72260581703988
0.1240026006260424,106.20317547534086
0.1240026006260424,109.60726176657272
0.1246455342151586,110.09786889855508
0.1246455342151586,113.99253671596904
0.1253164214385846,114.23271912191854
0.1253164214385846,120.56029644028116
0.12598730866201041,121.05090357226352
0.12598730866201041,126.39731783826149
0.126658195885436,126.63750024421114
0.126658195885436,129.07040974515951
0.1273290831088616,129.32083447119237
0.1273290831088616,130.05170082652506
0.1279999703322876,130.05170082652506
0.1279999703322876,129.80153215849441
0.12867085755571339,129.80153215849441
0.12867085755571339,128.8303553682112
0.1293137911448296,128.8303553682112
0.1293137911448296,126.39744586726272
0.1299846783682552,126.15726346131316
0.1299846783682552,120.80083732743378
0.13065556559168121,120.32024206333269
0.13065556559168121,114.72353110030279
0.1313264528151068,114.2329495741206
0.1313264528151068,112.04032490232254
0.13132719633888351,109.60667283316739
0.1319980835623093,109.1261031748665
0.1319980835623093,104.99115052830206
0.13266897078573511,104.74072580226937
0.13266897078573511,100.36548832655444
0.13331190437485141,100.12530592060487
0.13331190437485141,92.335944679976762
0.1339827915982772,91.845363153794494
0.1339827915982772,83.084850728683421
0.1346536788217027,82.844668322733867
0.1346536788217027,77.247957359704003
0.13532456604512871,77.007774953754506
0.13532456604512871,70.920456858742227
0.1359954532685545,70.68027445279256
0.1359954532685545,66.054714674245929
0.13666634049198009,65.814532268296375
0.13666634049198009,63.14133793819741
0.13733722771540591,62.890913212164662
0.13733722771540591,60.457978105415918
0.13798016130452209,60.457978105415918
0.13798016130452209,58.27536530149905
0.13865104852794791,58.27536530149905
0.13865104852794791,56.082740629700993
0.13932193575137369,55.842558223751439
0.13932193575137369,53.169338287852383
0.13999282297479931,52.919169619821673
0.13999282297479931,50.976841645055288
0.1406357565639158,50.736659239105727
0.1406357565639158,49.515185751790568
0.14133459742165089,49.515185751790568
0.14133459742165089,48.303724132356933
0.1419775310107671,48.303724132356933
0.1419775310107671,47.57285777702441
0.14264841823419311,47.3226891089937
0.14264841823419311,46.351512318710434
0.1433193054576189,46.351512318710434
0.1433193054576189,44.899765870126323
0.14399019268104449,44.899765870126323
0.14399019268104449,43.438007553660782
0.1446610799044703,43.438007553660782
0.1446610799044703,42.947426027478627
0.14530401349358679,42.70724362152896
0.14530401349358679,42.467061215579406
0.1459749007170123,42.467061215579406
0.1459749007170123,41.976479689397138
0.14664578794043809,41.976479689397138
0.14664578794043809,41.485872557414837
0.1473166751638639,41.485872557414837
0.1473166751638639,40.514721372931717
0.14798756238728969,40.514721372931717
0.14798756238728969,39.783829411798934
0.1493293582819423,39.783829411798934
0.1493293582819423,39.303259753498082
0.15000024550536811,39.303259753498082
0.15000024550536811,38.572393398165332
0.1519849821384042,38.572393398165332
0.1519849821384042,38.31208483325247
0.15265586936183001,38.071646369300538
0.15265586936183001,37.591076710999801
0.1533267565852558,37.591076710999801
0.1533267565852558,37.34090804296909
0.154640598845599,37.34090804296909
0.1553114860690247,37.100725637019536
0.15598237329245079,37.100725637019536
0.15598237329245079,36.860543231069983
0.1566532605158763,36.860543231069983
0.1566532605158763,36.610118505037121
0.1579671027762197,36.610118505037121
0.1579671027762197,36.129523240936123
0.15863798999964551,36.129523240936123
0.15863798999964551,35.398656885603486
0.15997978589429809,35.398656885603486
0.15997978589429809,35.889238411785755
0.16065067311772391,35.889238411785755
0.16065067311772391,36.369833675886639
0.16132156034114969,36.369833675886639
0.16132210368544789,36.128114921924293
0.162020944543183,36.128114921924293
0.162020944543183,35.637533395742025
0.16266387813229949,35.637533395742025
0.16266387813229949,35.397350989792358
0.16601836429429781,35.397350989792358
0.16601836429429781,35.637533395742025
0.16601836429429781,35.397350989792358
0.1666612978834143,35.397350989792358
0.1666612978834143,34.906769463610203
0.16733218510683989,34.906769463610203
0.16733218510683989,34.666587057660536
0.1680030723302656,34.666587057660536
0.1680030723302656,34.906769463610203
0.16867395955369119,35.157194189642951
0.1693448467771172,35.157194189642951
0.1693448467771172,34.906769463610203
0.17001573400054301,34.666587057660536
0.17001573400054301,34.426404651710982
0.1706866212239686,34.426404651710982
0.1706866212239686,35.157296612843879
0.17132955481308479,35.157296612843879
0.17132955481308479,34.906871886811018
0.1720004420365108,34.906871886811018
0.1720004420365108,34.175979925678234
0.17532696741493239,34.175979925678234
0.17532696741493239,34.426404651710982
0.17599785463835849,34.666587057660536
0.17733964338374389,34.666587057660536
0.17733964338374389,34.426404651710982
0.1780105306071697,34.426404651710982
0.17868141783059549,34.175979925678234
0.17935230505402111,34.175979925678234
0.1799952386431373,33.935797519728681
0.184663559916212,33.935797519728681
0.184663559916212,34.175979925678234
0.18533444713963779,34.175979925678234
0.18533444713963779,33.935797519728681
0.1873471374069835,33.935797519728681
0.1873471374069835,33.695615113779127
0.18799007099609971,33.695615113779127
0.18799007099609971,33.455432707829459
0.1886609582195255,33.455432707829459
0.1886609582195255,32.964825575847044
0.18933184544295131,32.964825575847044
0.18933184544295131,33.205007981796712
0.19000273266637691,33.205007981796712
0.19000273266637691,33.69558950797898
0.19134452856102979,33.69558950797898
0.1940004955823118,33.694642093371044
0.1940004955823118,33.454459687421377
0.1966561265880408,33.454459687421377
0.1966561265880408,33.204034961388743
0.19732701381146661,33.204034961388743
0.19732701381146661,32.963852555438962
0.19933970407881199,32.963852555438962
0.19933970407881199,33.204034961388743
0.20001059130223781,33.204034961388743
0.20001059130223781,32.963852555438962
0.20266622230796691,32.963852555438962
0.20266622230796691,32.723670149489521
0.2033371095313925,32.723670149489521
0.2033371095313925,32.963852555438962
0.20467889827677821,32.963852555438962
0.20467889827677821,32.723670149489521
0.20532183186589439,32.723670149489521
0.20532183186589439,32.47324542345666
0.20666362061128041,32.47324542345666
0.20666362061128041,32.963826949638928
0.20733450783470589,32.963826949638928
0.20733450783470589,32.47324542345666
0.2080053950581317,32.47324542345666
0.2080053950581317,32.233063017507106
0.20867628228155749,32.233063017507106
0.20867628228155749,32.47324542345666
0.20931921587067381,32.723670149489521
0.20931921587067381,32.963852555438962
0.21066101176532639,32.963852555438962
0.21066101176532639,32.473271029256921
0.21133189898875249,32.473271029256921
0.21133189898875249,32.233088623307253
0.2133166356217886,32.233088623307253
0.2133166356217886,31.992906217357699
0.2160002274110939,31.992906217357699
0.2160002274110939,32.233088623307253
0.2160002274110939,31.992906217357699
0.21734201615647961,31.992906217357699
0.21734201615647961,31.742737549326989
0.2179849497455959,31.742737549326989
0.2179849497455959,31.992906217357699
0.21932673849098161,31.992906217357699
0.21932673849098161,31.742737549326989
0.22133942875832699,31.742737549326989
0.22133968613194249,31.501889392571684
0.22533712018159141,31.501889392571684
0.22533712018159141,31.26170698662213
0.22598005377070751,31.26170698662213
0.22598005377070751,31.021268522670312
0.22665094099413349,31.021268522670312
0.22665094099413349,30.771099854639715
0.2279927368887861,30.771099854639715
0.2279927368887861,31.021268522670312
0.22866362411221189,31.021268522670312
0.22866362411221189,31.26170698662213
0.2293345113356377,31.26170698662213
0.2293345113356377,31.501889392571684
0.2293345113356377,31.021294128470689
0.23000539855906349,31.021294128470689
0.23000539855906349,30.530712602288531
0.23266103671405949,30.530712602288531
0.23266103671405949,30.290530196338864
0.23400282545944501,30.290530196338864
0.23400282545944501,30.530712602288531
0.23598756209248109,30.530712602288531
0.23598756209248109,30.290530196338864
0.2366584493159071,30.04010547030612
0.2366584493159071,29.799923064356449
0.23931408032163601,29.799923064356449
0.23931408032163601,29.559740658406891
0.24132677058898161,29.559740658406891
0.24132677058898161,29.309315932374147
0.2419976578124074,29.309315932374147
0.2419976578124074,29.559740658406891
0.2433394465577931,29.559740658406891
0.2433394465577931,29.309315932374147
0.24398238014690921,29.309315932374147
0.24398238014690921,28.828746274073296
0.24465326737033499,28.828746274073296
0.24465326737033499,29.068928680022736
0.2459950632649878,29.068928680022736
0.2459950632649878,28.828746274073296
0.24666595048841361,28.828746274073296
0.24666595048841361,28.588563868123742
0.2473368377118392,28.588563868123742
0.2473368377118392,28.338139142090881
0.2473368377118392,28.828720668273149
0.2479797713009555,28.828720668273149
0.2479797713009555,29.068903074222703
0.2479797713009555,28.828720668273149
0.2486506585243812,28.828720668273149
0.2486506585243812,28.588538262323599
0.24932154574780729,28.338113536290731
0.24932154574780729,28.097931130341181
0.2513342360151527,28.097931130341181
0.25197749132128772,28.096855686731828
0.25197749132128772,27.856673280782275
0.2526483785447135,27.856673280782275
0.2526483785447135,27.606248554749413
0.25533197033401911,27.606248554749413
0.25533197033401911,27.36606614879986
0.2560028575574449,27.36606614879986
0.2560028575574449,27.125883742850306
0.25731669981778799,27.125883742850306
0.25798758704121399,26.885701336900642
0.25865847426463978,26.885701336900642
0.2593293614880654,26.635276610868004
0.26067115738271829,26.635276610868004
0.26067115738271829,26.395094204918223
0.2620129532773709,26.395094204918223
0.2620129532773709,26.154911798968783
0.26265588686648722,26.154911798968783
0.26265588686648722,25.904743130938076
0.26399768276114027,25.904743130938076
0.26399768276114027,25.664304666986368
0.26533947150652581,25.664304666986368
0.26533947150652581,25.1737231408041
0.26601035872995138,25.1737231408041
0.26601035872995138,24.933540734854542
0.26668124595337711,24.933540734854542
0.26668124595337711,25.42412226103681
0.2679950882137207,25.42412226103681
0.2679950882137207,24.933540734854542
0.26866597543714632,24.933540734854542
0.26866597543714632,24.693358328904992
0.26933686266057189,24.693358328904992
0.26933686266057189,24.453175922955324
0.27067865140595759,24.453175922955324
0.27067865140595759,24.202751196922691
0.27134953862938338,24.202751196922691
0.27134953862938338,23.962568790973023
0.27199247221849959,23.962568790973023
0.27199247221849959,23.722386385023469
0.27400516248584528,23.722386385023469
0.27400516248584528,23.471961658990608
0.27467604970927101,23.471961658990608
0.27467604970927101,22.991392000689761
0.2753469369326968,22.991392000689761
0.2753469369326968,22.751209594740089
0.27601782415612258,22.751209594740089
0.27601782415612258,22.500784868707456
0.27733166641646578,22.500784868707456
0.27733166641646578,22.260602462757902
0.27867346231111889,22.260602462757902
0.27867346231111889,22.020420056808238
0.2793443495345444,22.020420056808238
0.2793443495345444,21.769995330775487
0.28001523675797019,21.769995330775487
0.28001523675797019,21.529812924825819
0.28065817034708651,21.529812924825819
0.28132950082507158,21.527354768005011
0.28132950082507158,21.287172362055458
0.28200038804849731,21.287172362055458
0.28200038804849731,20.796590835873189
0.28267127527192287,20.796590835873189
0.28267127527192287,20.556408429923518
0.28334216249534872,20.556408429923518
0.28334216249534872,20.316226023973968
0.2840130497187745,20.316226023973968
0.2840130497187745,20.556408429923518
0.2840130497187745,20.316226023973968
0.28465598330789071,20.316226023973968
0.28465598330789071,19.825644497791814
0.2853268705313165,19.825644497791814
0.2853268705313165,19.58546209184226
0.28733956079866219,19.58546209184226
0.28733956079866219,19.094880565659992
0.28801044802208797,19.094880565659992
0.28801044802208797,18.604273433677577
0.2886813352455137,18.604273433677577
0.2886813352455137,18.364091027728023
0.28932426883462981,18.364091027728023
0.28999515605805559,18.123908621778583
0.28999515605805559,17.883726215828801
0.29066604328148138,17.883726215828801
0.29066604328148138,17.633301489796168
0.29133693050490739,17.633301489796168
0.29133693050490739,17.3931190838465
0.29332166713794328,17.3931190838465
0.29332166713794328,16.902511951864085
0.29399255436136901,16.902511951864085
0.29399255436136901,16.662329545914531
0.29466344158479479,16.662329545914531
0.29466344158479479,16.422147139964977
0.29533432880822058,16.422147139964977
0.29533432880822058,16.18196473401531
0.2960052160316462,16.18196473401531
0.2960052160316462,15.931540007982676
0.29667610325507199,15.931540007982676
0.29731903684418848,15.691357602033008
0.29798992406761421,15.691357602033008
0.29798992406761421,15.440932876000261
0.29866081129103977,15.440932876000261
0.29866081129103977,15.200750470050709
0.30000260003642548,15.200750470050709
0.30000260003642548,14.960568064101039
0.3013164422967689,14.960568064101039
0.3013164422967689,14.720385658151486
0.30198732952019469,14.720385658151486
0.30198732952019469,14.469960932118738
0.30265821674362048,14.469960932118738
0.30265821674362048,13.989391273817889
0.30332910396704599,13.989391273817889
0.30332910396704599,13.739222605787177
0.30399999119047161,13.739222605787177
0.30399999119047161,13.498784141835472
0.30598473497277512,13.498784141835472
0.30665562219620091,13.258601735885918
0.30665562219620091,13.00843306785532
0.30732650941962641,13.00843306785532
0.30732650941962641,12.768250661905768
0.3086683053142793,12.768250661905768
0.3086683053142793,12.5280682559561
0.30998214757462272,12.5280682559561
0.30998214757462272,12.287885850006546
0.31065303479804829,12.287885850006546
0.31130886566498961,12.035233419354768
0.312650661559642,11.554638155253656
0.31332154878306778,11.554638155253656
0.31332154878306778,11.304213429220908
0.31463538389414403,11.304213429220908
0.31463538389414403,11.064031023271241
0.31530627111756998,11.064031023271241
0.31530627111756998,10.823848617321689
0.31597715834099582,10.823848617321689
0.31597715834099582,10.573423891289051
0.31798984860834117,10.573423891289051
0.31798984860834117,10.333241485339386
0.31930369086868482,10.333241485339386
0.31930369086868482,10.093059079389832
0.32064548676333721,10.093059079389832
0.32064548676333721,9.852876673440278
0.32131637398676322,9.852876673440278
0.32131637398676322,9.6024519474074168
0.32330111061979938,9.6024519474074168
0.32330111061979938,9.3622695414578647
0.32397199784322489,9.1220871355081954
0.325313793737878,9.1220871355081954
0.32598468096130362,8.8716624094755616
0.32598468096130362,8.6314800035258941
0.32796942474360669,8.6314800035258941
0.32796942474360669,8.3912975975763402
0.32931121348899239,8.3912975975763402
0.32931121348899239,8.1408728715434791
0.33065300938364528,8.1408728715434791
0.33065300938364528,7.9006904655939252
0.33196685164398843,7.9006904655939252
0.33196685164398843,7.6605080596443713
0.33330864038937408,7.6605080596443713
0.33330864038937408,7.4203256536947038
0.33465043628402719,7.4203256536947038
0.33465043628402719,7.1701569856642209
0.337306074439023,7.1701569856642209
0.337306074439023,6.929974579714667
0.3386478631844087,6.929974579714667
0.3386478631844087,6.6895361157628486
0.3399770906675228,6.6895361157628486
0.34063273565351387,6.6883070373521605
0.34063273565351387,6.4381383693216776
0.34197453154816698,6.4381383693216776
0.34197453154816698,6.19795596337201
0.34331632744281948,6.19795596337201
0.34331632744281948,5.9577735574224562
0.34331632744281948,6.19795596337201
0.34463016970316301,6.19795596337201
0.34463016970316301,5.9577735574224562
0.34664285997050848,5.9577735574224562
0.34664285997050848,5.7175911514727886
0.34731374719393421,5.7175911514727886
0.34798463441736027,5.4671664254400412
0.35131116694504899,5.4671664254400412
0.35195410053416532,5.2269840194904873
0.35396679080151089,5.2269840194904873
0.35463767802493668,4.9868016135408197
0.35662241465797262,4.9868016135408197
0.35662241465797262,4.736376887508186
0.35930600644727839,4.736376887508186
0.35930600644727839,4.4961944815585184
0.36061984155835458,4.4961944815585184
0.36061984155835458,4.736376887508186
0.36129072878178031,4.736376887508186
0.36129072878178031,4.4961944815585184
0.36198956963951567,4.4961944815585184
0.36198956963951567,4.2560120756089646
0.3626604568629414,4.2560120756089646
0.3626604568629414,4.4961944815585184
0.36464520064524453,4.4961944815585184
0.36464520064524453,4.2560120756089646
0.36864262754562621,4.2560120756089646
0.36864262754562621,4.0055873495761034
0.369313514769052,4.0055873495761034
0.369313514769052,4.2560120756089646
0.37065531066370982,4.2560120756089646
0.37065543220124492,4.0047935697693902
0.37331106320697383,4.0047935697693902
0.37398195043039961,3.7646111638198358
0.38331860012581598,3.7646111638198358
0.38398948734924149,3.5244287578701687
0.39265524267196511,3.5244287578701687
0.39265524267196511,3.2842463519206149
0.39329817626108121,3.2842463519206149
0.39329817626108121,3.5244287578701687
0.39796650468342309,3.5244287578701687
0.39796650468342309,3.2842463519206149
0.3986373919068486,3.2842463519206149
0.39930827913027439,3.5244287578701687
0.40065007502492728,3.5244287578701687
0.40065007502492728,3.2842463519206149
0.4013210909351605,3.2841695345199469
0.40196402452427682,3.5243519404695007
0.40263491174770238,3.5243519404695007
0.40263491174770238,3.2841695345199469
0.40797413454273701,3.2841695345199469
0.40797413454273701,3.5243519404695007
0.40864502176616258,3.5243519404695007
0.40931590898958858,3.2841695345199469
0.4106297512499319,3.2841695345199469
0.4106297512499319,3.5243519404695007
0.41130063847335752,3.5243519404695007
0.41130063847335752,3.2841695345199469
0.415968959746432,3.2841695345199469
0.415968959746432,3.5243519404695007
0.41798165716304481,3.5243519404695007
0.41865254438647082,3.2841695345199469
0.4206372810195067,3.2841695345199469
0.4206372810195067,3.5243519404695007
0.42197907691415959,3.5243519404695007
0.42197907691415959,3.2841695345199469
0.4233208656595453,3.2841695345199469
0.4233208656595453,3.5243519404695007
0.42463470791988839,3.5243519404695007
0.42463470791988839,3.2841695345199469
0.42731829970919399,3.2841695345199469
0.42731829970919399,3.5243519404695007
0.42863213482027018,3.5243519404695007
0.42863213482027018,3.2841695345199469
0.42930302204369591,3.2841695345199469
0.42997390926712198,3.5243519404695007
0.43064491087882062,3.5243519404695007
0.43064491087882062,3.2841695345199469
0.43198670677347328,3.2841695345199469
0.43198670677347328,3.5243519404695007
0.43330054903381687,3.5243519404695007
0.43330054903381687,3.2841695345199469
0.43464234492846948,3.2841695345199469
0.43464234492846948,3.5243519404695007
0.43598413367385502,3.5243519404695007
0.43598413367385502,3.2841695345199469
0.43729797593419861,3.2841695345199469
0.43729797593419861,3.5243519404695007
0.43863977182885128,3.5243519404695007
0.43863977182885128,3.2841695345199469
0.43998156772350389,3.2841695345199469
0.43998156772350389,3.5243519404695007
0.4412954028345803,3.5243519404695007
0.4412954028345803,3.2841695345199469
0.44263719872923302,3.2841695345199469
0.44263719872923302,3.5243519404695007
0.4433080859526588,3.5243519404695007
0.4433080859526588,3.2841695345199469
0.4466346184803478,3.2841695345199469
0.4466346184803478,3.5243519404695007
0.44730550570377359,3.5243519404695007
0.44730550570377359,3.2841695345199469
0.45996868077761149,3.2841695345199469
0.46732248124650239,3.2841695345199469
0.46732248124650239,3.0337448084870857
0.46866425569335352,3.0337448084870857
0.46866425569335352,3.2841695345199469
0.46933557187280472,3.2841695345199469
0.46997829098390848,3.0337448084870857
0.47064889223665052,3.0337448084870857
0.47064889223665052,3.2841695345199469
0.47464626194289572,3.2841695345199469
0.47464626194289572,3.0337448084870857
0.4753175781223466,3.0337448084870857
0.47598817937508908,3.2841695345199469
0.47665878062783129,3.2841695345199469
0.4773293818805735,3.0337448084870857
0.47864320269311578,3.0337448084870857
0.47864320269311578,3.2841695345199469
0.47931380394585771,3.2841695345199469
0.47998440519860019,3.0337448084870857
0.4806550064513424,3.0337448084870857
0.48132560770408461,3.2841695345199469
0.48263942851662689,3.2841695345199469
0.48263942851662689,3.0337448084870857
0.48465216167957492,3.0337448084870857
0.48465216167957492,3.2841695345199469
0.48599393612642627,3.2841695345199469
0.48599393612642627,3.0337448084870857
0.48999137732534231,3.0337448084870857
0.53664971060662592,3.0337448084870857
0.53664971060662592,3.2841695345199469
0.53732031185936791,3.2841695345199469
0.53732031185936791,3.0337448084870857
0.54263157387082606,3.0337448084870857
0.54263157387082606,3.2841695345199469
0.54330217512356827,3.2841695345199469
0.54397277637631047,3.0337448084870857
0.5446433776290529,3.0337448084870857
0.5446433776290529,3.2841695345199469
0.54598515207590448,3.2841695345199469
0.54598515207590448,3.0337448084870857
0.54729897288844653,3.0337448084870857
0.54729897288844653,3.2841695345199469
0.54931170605139457,3.2841695345199469
0.55529621454441691,3.2843743809216903
0.55529621454441691,3.5245567868712442
0.55663798899126848,3.5245567868712442
0.55663798899126848,3.2843743809216903
0.55730859024401092,3.2843743809216903
0.55730859024401092,3.5245567868712442
0.5646605390527264,3.5245567868712442
0.5646605390527264,3.7647391928207981
0.56533114030546838,3.7647391928207981
0.56600174155821081,3.5245567868712442
0.56667234281095302,3.5245567868711305
0.56667234281095302,3.7647391928206848
0.57466722520878477,3.7647391928206848
0.57466722520878477,4.0049215987703519
0.57933555363112665,4.0049215987703519
0.58065252012118673,4.0053825031742463
0.58065252012118673,4.25580722920688
0.5819943660607092,4.25580722920688
0.5819943660607092,4.0053825031742463
0.58333614050756055,4.0053825031742463
0.58333614050756055,4.25580722920688
0.58599173576695418,4.25580722920688
0.58666233701969639,4.4959896351564339
0.58864711654833513,4.4959896351564339
0.58864711654833513,4.7361720411061015
0.58931771780107756,4.7361720411061015
0.58998831905381954,4.4959896351564339
0.59065892030656197,4.4959896351564339
0.59065892030656197,4.7361720411061015
0.59398547428205228,4.7361720411061015
0.59398547428205228,4.9865967671388489
0.59465607553479449,4.9865967671388489
0.59532667678753692,4.7361720411061015
0.59666852272705917,4.7361720411061015
0.59666852272705917,4.9865967671388489
0.59865323076302679,4.9865967671388489
0.59865323076302679,5.2267791730885165
0.60265067196194289,5.2267791730885165
0.60265067196194289,5.4669615790380703
0.60533422085564581,5.4669615790380703
0.60600482210838802,5.7173863050709324
0.60798960163702676,5.7173863050709324
0.60798960163702676,5.9575687110203717
0.60933137608387811,5.9575687110203717
0.61064891451530534,5.9586185488294632
0.61064891451530534,6.1988009547791307
0.61333253490167916,6.1988009547791307
0.61333253490167916,6.4389833607286846
0.61598813016107257,6.4389833607286846
0.61598813016107257,6.6891520287593949
0.61800086332402082,6.6891520287593949
0.61800086332402082,6.9295904927109859
0.61998557135998889,6.9295904927109859
0.61998557135998889,7.1697728986605398
0.62065617261273087,7.1697728986605398
0.62065617261273087,6.9295904927109859
0.6213267738654733,6.9295904927109859
0.6213267738654733,7.1697728986605398
0.62199737511821551,7.1697728986605398
0.62199737511821551,7.41994156669125
0.62398208315418335,7.41994156669125
0.62398208315418335,7.6601239726408039
0.6253238576010347,7.6601239726408039
0.6253238576010347,7.9003063785904706
0.62730863712967344,7.9003063785904706
0.62730863712967344,8.1404887845400253
0.6293212987999508,8.1404887845400253
0.6293212987999508,8.3909135105726591
0.62999190005269301,8.3909135105726591
0.62999190005269301,8.6310959165223267
0.63197667958133175,8.6310959165223267
0.63197667958133175,8.8712783224718805
0.63398934125160888,8.8712783224718805
0.63398934125160888,9.1217030485047417
0.63530316206415094,9.1217030485047417
0.63530316206415094,9.3618854544542955
0.63664500800367341,9.3618854544542955
0.63664500800367341,9.6020678604038494
0.63798678245052476,9.6020678604038494
0.63798678245052476,9.8524925864367106
0.63865738370326719,9.8524925864367106
0.63865738370326719,10.092674992386151
0.63930010281437077,10.092674992386151
0.63930582222804033,10.334701015951625
0.6406476681675628,10.334701015951625
0.64131826942030501,10.574883421901291
0.64266004386715658,10.574883421901291
0.64266004386715658,10.825308147933924
0.64330276297826017,10.825308147933924
0.64464453742511174,11.305877806234889
0.64531513867785395,11.305877806234889
0.64531513867785395,11.556302532267637
0.64665698461737664,11.556302532267637
0.64665698461737664,11.796484938217304
0.64797080542991825,11.796484938217304
0.64797080542991825,12.036667344166858
0.64864140668266068,12.036667344166858
0.64864140668266068,12.287092070199719
0.64931200793540311,12.287092070199719
0.64931200793540311,12.527274476149271
0.65132474109835115,12.527274476149271
0.65132474109835115,12.767456882098712
0.65196746020945495,12.767456882098712
0.65196746020945495,13.007639288048496
0.6533092346563063,13.007639288048496
0.6533092346563063,13.257807956078976
0.65397983590904873,13.497990362028643
0.65397983590904873,13.73842882598035
0.65529365672159057,13.73842882598035
0.65529365672159057,13.988597494010946
0.65663550266111326,13.988597494010946
0.65663550266111326,14.228779899960614
0.65730610391385524,14.228779899960614
0.65730610391385524,14.468962305910168
0.65797670516659768,14.468962305910168
0.65797670516659768,14.719387031942915
0.65864730641933988,14.719387031942915
0.65864730641933988,14.959569437892467
0.66066003958228792,14.959569437892467
0.66066003958228792,15.440139096193434
0.66200181402913949,15.440139096193434
0.66200181402913949,15.69056382222618
0.66267241528188192,15.69056382222618
0.66267241528188192,15.930746228175735
0.66334301653462391,15.930746228175735
0.66334301653462391,16.181170954208483
0.66465683734716619,16.181170954208483
0.66532815352661712,16.421353360158037
0.66532815352661712,16.661535766107704
0.66599875477935933,16.661535766107704
0.66599875477935933,16.901718172057258
0.66734052922621068,16.901718172057258
0.66734052922621068,17.141900578006812
0.66801113047895289,17.141900578006812
0.66801113047895289,17.392325304039673
0.66865384959005691,17.392325304039673
0.66865384959005691,17.632507709989227
0.6693244508427989,17.632507709989227
0.6693244508427989,17.882932436021974
0.6693327439926211,17.634556174006775
0.67000334524536309,17.634556174006775
0.67000334524536309,17.884980900039523
0.67067466142481402,17.884980900039523
0.67067466142481402,18.365550558340487
0.67134526267755645,18.365550558340487
0.67134526267755645,18.605732964290041
0.67265908349009873,18.605732964290041
0.67332968474284072,18.855901632320641
0.6740002859955827,18.855901632320641
0.6740002859955827,19.096340096272343
0.67467088724832514,19.096340096272343
0.67467088724832514,19.33652250222201
0.67534220342777607,19.33652250222201
0.67534220342777607,19.586691170252607
0.67601280468051828,19.586691170252607
0.67601280468051828,19.826873576202161
0.67668340593326026,19.826873576202161
0.67668340593326026,20.067055982151828
0.67799722674580232,20.067055982151828
0.67799722674580232,20.317480708184465
0.67933900119265411,20.317480708184465
0.67933900119265411,20.557663114134243
0.6800096024453961,20.557663114134243
0.6800096024453961,20.797845520083683
0.68068091862484703,20.797845520083683
0.68068091862484703,21.038027926033241
0.68199473943738931,21.038027926033241
0.68199473943738931,21.288452652066098
0.68266534069013129,21.288452652066098
0.68266534069013129,21.528635058015649
0.68333594194287373,21.528635058015649
0.68333594194287373,21.76881746396532
0.68400654319561571,21.76881746396532
0.6846771444483577,22.019242189997957
0.68531986355946173,22.019242189997957
0.68531986355946173,22.259424595947731
0.68599046481220394,22.259424595947731
0.68666106606494592,22.499607001897171
0.6880028405117975,22.499607001897171
0.6880028405117975,22.750031727929919
0.6880028405117975,22.499607001897171
0.68934461495864907,22.499607001897171
0.68934461495864907,22.990188528079443
0.68998733406975288,22.990188528079443
0.68998733406975288,23.470758186380291
0.69065793532249486,23.470758186380291
0.69065793532249486,23.721182912413155
0.69065793532249486,23.470758186380291
0.69267059699277223,23.470758186380291
0.69267059699277223,23.721182912413155
0.69334119824551443,23.721182912413155
0.69334119824551443,23.961365318362709
0.69465501905805649,23.961365318362709
0.69465501905805649,24.201547724312377
0.69532633523750742,24.201547724312377
0.69532633523750742,24.451972450345011
0.69599693649024941,24.451972450345011
0.69599693649024941,24.692154856294565
0.69666753774299184,24.692154856294565
0.69666753774299184,24.932337262244232
0.69865224577895946,24.932337262244232
0.69933028226947425,24.934462543662221
0.69933028226947425,25.174644949611771
0.70134301543242228,25.174644949611771
0.70134301543242228,25.424813617642485
0.70201361668516427,25.664996023592039
0.70201361668516427,25.905434487543744
0.70332743749770654,25.905434487543744
0.70332743749770654,26.15560315557434
0.70399803875044853,26.15560315557434
0.70399803875044853,26.395785561523891
0.70533988468997122,26.395785561523891
0.70533988468997122,26.15560315557434
0.70601048594271321,26.15560315557434
0.70601048594271321,26.395785561523891
0.70665320505381701,26.395785561523891
0.70665320505381701,26.886367087706159
0.70799497950066859,26.886367087706159
0.70799497950066859,26.635942361673301
0.70866558075341057,26.635942361673301
0.70866558075341057,26.886367087706159
0.70933618200615256,27.12654949365572
0.70933618200615256,27.366731899605384
0.71065007431136595,27.366731899605384
0.71132067556410794,27.12654949365572
0.71132067556410794,27.366731899605384
0.71199127681685037,27.366731899605384
0.71199127681685037,27.606914305554938
0.7133330512637015,27.606914305554938
0.7133330512637015,27.366731899605384
0.71400365251644415,27.366731899605384
0.71400365251644415,27.606914305554938
0.7153454984559664,27.606914305554938
0.7153454984559664,27.857339031587799
0.71598821756706998,28.097521437537356
0.71800087923734712,28.097521437537356
0.71800087923734712,28.337703843486796
0.71931477154256029,28.337703843486796
0.72001325493694113,28.58812856951965
0.7213270757494834,28.58812856951965
0.7213270757494834,28.828310975469208
0.72266885019633453,28.828310975469208
0.72266885019633453,29.068493381418875
0.72398267100887681,29.068493381418875
0.72398267100887681,29.318662049449472
0.72465398718832774,29.318662049449472
0.72465398718832774,29.068493381418875
0.72733753608203067,29.068493381418875
0.72733753608203067,28.828310975469208
0.7279802551931347,29.068493381418875
0.72865085644587668,29.318662049449472
0.72865085644587668,29.559100513401177
0.72932217262532761,29.799282919350844
0.72932839248769477,29.560227168610709
0.72999899374043675,29.560227168610709
0.72999899374043675,29.309802442577961
0.73066959499317874,29.309802442577961
0.73066959499317874,29.560227168610709
0.73332519025257259,29.560227168610709
0.73332519025257259,29.800409574560376
0.73399650643202352,29.800409574560376
0.73466710768476551,30.04059198050993
0.7360088821316173,30.04059198050993
0.7360088821316173,29.800409574560376
0.73799359016758492,29.800409574560376
0.73799359016758492,30.04059198050993
0.73866419142032735,30.04059198050993
0.73866419142032735,29.800409574560376
0.73933550759977829,29.800409574560376
0.73933550759977829,30.04059198050993
0.74000610885252027,30.04059198050993
0.74000610885252027,30.291016706542564
0.7406767101052627,30.291016706542564
0.74131942921636629,30.04059198050993
0.74199003046910827,30.04059198050993
0.74199003046910827,30.291016706542564
0.74333180491596007,30.291016706542564
0.74333180491596007,30.04059198050993
0.74467365085548232,30.04059198050993
0.74467365085548232,30.531173506692085
0.74598747166802459,30.531173506692085
0.74598747166802459,30.290991100742417
0.74665807292076658,30.290991100742417
0.74665807292076658,30.040566374709783
0.74732867417350901,30.040566374709783
0.74732867417350901,30.290991100742417
0.747999275426251,30.290991100742417
0.747999275426251,30.531173506692085
0.74867059160570193,30.531173506692085
0.74867059160570193,30.290991100742417
0.74931331071680551,30.290991100742417
0.74931331071680551,30.040566374709783
0.7499839119695475,30.290991100742417
0.75065451322228993,30.290991100742417
0.75065451322228993,30.531173506692085
0.75199628766914128,30.531173506692085
0.75199628766914128,30.290991100742417
0.75398106719778046,30.290991100742417
0.75398106719778046,30.531173506692085
0.75599372886805738,30.531173506692085
0.75599372886805738,30.290991100742417
0.75666433012079937,30.290991100742417
0.75666433012079937,30.531173506692085
0.75797815093334164,30.531173506692085
0.76136726099584306,30.531813651697348
0.76136726099584306,30.771996057647016
0.76268108180838534,30.771996057647016
0.76268108180838534,30.531813651697348
0.76402292774790759,30.531813651697348
0.76402292774790759,30.771996057647016
0.76469352900064957,30.771996057647016
0.76469352900064957,31.022164725677609
0.76603530344750137,31.022164725677609
0.76603530344750137,30.771996057647016
0.76667802255860495,30.771996057647016
0.76667802255860495,31.022164725677609
0.76801979700545653,31.022164725677609
0.76801979700545653,30.771996057647016
0.76869111318490746,30.771996057647016
0.76869111318490746,31.022164725677609
0.76936171443764945,31.022164725677609
0.76936171443764945,31.262603189629431
0.7720173096970433,31.262603189629431
0.7720173096970433,31.502785595578985
0.77335915563656576,31.502785595578985
0.77335915563656576,31.742968001528425
0.77467297644910782,31.742968001528425
0.77467297644910782,31.502785595578985
0.77534357770185003,31.502785595578985
0.77601417895459202,31.742968001528425
0.77735595340144359,31.742968001528425
0.77735595340144359,31.993136669559131
0.77866984570665698,31.993136669559131
0.77866984570665698,32.233319075508689
0.78001162015350811,32.233319075508689
0.78001162015350811,32.473501481458356
0.7806822214062501,32.473501481458356
0.7806822214062501,32.723926207491104
0.78135282265899253,32.723926207491104
0.78135282265899253,32.473501481458356
0.78269459710584388,32.473501481458356
0.78269459710584388,32.964083007640511
0.78333731621694791,32.964083007640511
0.78333731621694791,33.204265413590178
0.7840079174696899,33.204265413590178
0.7840079174696899,33.454690139622812
0.7840079174696899,33.204265413590178
0.78467851872243188,33.204265413590178
0.78467851872243188,32.964083007640511
0.78534911997517431,32.964083007640511
0.78534911997517431,33.204265413590178
0.78601972122791652,33.454690139622812
0.78601972122791652,33.935259797923777
0.78669032248065851,33.935259797923777
0.78669032248065851,33.69507739197411
0.78800421478587168,33.69507739197411
0.78800421478587168,33.454894986024563
0.78800421478587168,33.69507739197411
0.78867481603861367,33.69507739197411
0.78868553993924695,33.93656569373502
0.79002731438609852,33.93656569373502
0.79002731438609852,34.176748099684687
0.79069791563884051,34.176748099684687
0.79069791563884051,34.427172825717321
0.7913685168915825,34.427172825717321
0.7913685168915825,34.667355231666988
0.79201123600268675,34.667355231666988
0.79201123600268675,34.907537637616542
0.79268183725542873,34.907537637616542
0.79268183725542873,35.15796236364929
0.79335243850817072,35.15796236364929
0.79335243850817072,35.398144769598957
0.79469421295502229,35.398144769598957
0.79469421295502229,35.638327175548511
0.7953648142077645,35.638327175548511
0.7953648142077645,35.888751901581372
0.79600753331886809,35.888751901581372
0.79667813457161052,36.128934307530812
0.79734945075106145,36.128934307530812
0.79734945075106145,36.609529571631917
0.79802005200380344,36.609529571631917
0.79802005200380344,37.100111097814079
0.79869065325654587,37.100111097814079
0.79869065325654587,37.340293503763753
0.79936125450928786,37.340293503763753
0.79936125450928786,37.830875029946014
0.80003185576202984,37.830875029946014
0.80003185576202984,38.311470294046899
0.80134567657457212,38.311470294046899
0.80134567657457212,38.571778858959874
0.80201627782731411,38.571778858959874
0.80201627782731411,38.811961264909542
0.80268687908005654,38.811961264909542
0.80268687908005654,39.052143670859095
0.80335748033279852,39.052143670859095
0.80335748033279852,39.302568396891843
0.80335748033279852,39.052143670859095
0.80402808158554118,39.052143670859095
0.80402808158554118,39.302568396891843
0.80467080069664476,39.302568396891843
0.80467080069664476,40.033460358024627
0.80534140194938675,40.033460358024627
0.80534140194938675,40.754314845476081
0.80601200320212918,40.754314845476081
0.80601200320212918,41.004483513506557
0.80668260445487117,41.004483513506557
0.80668260445487117,40.754314845476081
0.8073539206343221,40.754314845476081
0.8073539206343221,41.004483513506557
0.80802452188706408,41.244665919456224
0.80802452188706408,41.735247445638379
0.80866724099816767,41.735247445638379
0.80866724099816767,41.975685909590197
0.81000901544501946,41.975685909590197
0.81000901544501946,42.215868315539751
0.81067961669776145,42.215868315539751
0.81067961669776145,42.466036983570461
0.81135021795050388,42.466036983570461
0.81135021795050388,42.946606641871199
0.81202081920324587,42.946606641871199
0.81202081920324587,43.186789047820866
0.81333471150845926,43.186789047820866
0.81333471150845926,42.946606641871199
0.81400531276120125,42.946606641871199
0.81400531276120125,43.186789047820866
0.81668886165490417,43.186789047820866
0.81668886165490417,42.946606641871199
0.81733158076600776,42.946606641871199
0.81800218201875019,42.706424235921759
0.81868915509312656,42.705630456115273
0.81868915509312656,42.465448050165719
0.81935975634586855,42.465448050165719
0.81935975634586855,42.215279382135243
0.82003035759861098,42.215279382135243
0.82003035759861098,41.734684118034131
0.82070095885135297,41.734684118034131
0.82070095885135297,41.244102591851856
0.82137156010409518,41.244102591851856
0.82137156010409518,41.003920185902302
0.82201427921519921,41.003920185902302
0.82201427921519921,41.244102591851856
0.82201427921519921,41.003920185902302
0.82268488046794119,41.003920185902302
0.82268488046794119,40.273053830569552
0.82335548172068318,40.032871424620112
0.82335548172068318,39.542264292637697
0.82402608297342561,39.302081886688143
0.82402608297342561,39.051657160655282
0.8246966842261676,39.051657160655282
0.8246966842261676,39.302081886688143
0.82536728547890958,39.302081886688143
0.82536728547890958,38.571215531355392
0.82603788673165224,38.310906966442531
0.82603788673165224,37.339730176159151
0.82668060584275582,37.339730176159151
0.82668060584275582,37.099547770209597
0.82735192202220675,37.099547770209597
0.82735192202220675,36.608966244027442
0.82802252327494874,36.608966244027442
0.82802252327494874,36.128370979926451
0.82869312452769117,36.128370979926451
0.82869312452769117,35.397504624593694
0.82936372578043316,35.397504624593694
0.82936372578043316,34.66661266346091
0.83000644489153674,34.426430257511363
0.83000644489153674,33.935848731329088
0.83067704614427917,33.935848731329088
0.83067704614427917,33.455279073028237
0.83134764739702138,33.455279073028237
0.83134764739702138,33.204854346995376
0.83201896357647209,33.204854346995376
0.83201896357647209,32.473962385862592
0.8326895648292143,32.473962385862592
0.8326895648292143,31.993392727561741
0.83336016608195673,31.993392727561741
0.83336016608195673,31.26252637222899
0.83400288519306032,31.26252637222899
0.83400288519306032,30.53163441109632
0.8346734864458023,30.53163441109632
0.8346734864458023,29.800768055763569
0.83534408769854473,29.800768055763569
0.83534408769854473,29.069876094630672
0.83601468895128672,29.069876094630672
0.83601468895128672,28.589306436329931
0.83668600513073765,28.589306436329931
0.83668600513073765,28.098724910147663
0.83735660638347964,28.098724910147663
0.83735660638347964,27.858542504198116
0.83802720763622207,27.858542504198116
0.83802720763622207,27.367935372215697
0.83866992674732588,27.367935372215697
0.83866992674732588,27.12775296626603
0.83934052800006786,26.88757056031659
0.83934052800006786,26.396989034134322
0.8400111292528103,26.156806628184768
0.8400111292528103,25.666199496202356
0.84068173050555228,25.426017090252799
0.84068173050555228,25.175848422222199
0.84135233175829427,25.175848422222199
0.84135233175829427,24.695278763921351
0.8420236479377452,24.695278763921351
0.8420236479377452,24.204697237739083
0.84266636704884923,24.204697237739083
0.84266636704884923,23.964514831789412
0.84333696830159122,23.724332425839862
0.84400756955433343,23.724332425839862
0.84400756955433343,23.473907699807228
0.84467817080707586,23.473907699807228
0.84467817080707586,22.75305321235578
0.84534877205981784,22.75305321235578
0.84534877205981784,22.502628486323037
0.84601937331255983,22.502628486323037
0.84601937331255983,22.262446080373365
0.84669068949201076,22.262446080373365
0.84669068949201076,22.022263674423812
0.84733340860311479,22.022263674423812
0.84733340860311479,21.531682148241543
0.84800400985585678,21.531682148241543
0.84800400985585678,21.29149974229199
0.8486874797893591,21.038488830437476
0.8486874797893591,20.798306424487919
0.84935808104210109,20.798306424487919
0.84935808104210109,20.558124018538365
0.85002868229484352,20.317941612588697
0.85002868229484352,20.06751688655595
0.85069928354758551,20.06751688655595
0.85069928354758551,19.827334480606279
0.85134200265868909,19.827334480606279
0.85134200265868909,19.587152074656839
0.85201260391143152,19.587152074656839
0.85201260391143152,19.336983406626249
0.85335437835828287,19.336983406626249
0.85335437835828287,18.85638814252513
0.8540249796110253,18.85638814252513
0.8540249796110253,18.606219474494424
0.85469558086376729,18.36603706854487
0.85600940167630957,18.36603706854487
0.85600940167630957,18.12585466259543
0.85735124761583181,18.12585466259543
0.85735124761583181,17.885672256645762
0.85802184886857424,17.885672256645762
0.85802184886857424,17.635247530613015
0.85869245012131623,17.635247530613015
0.85869245012131623,17.395065124663461
0.86000627093385851,17.395065124663461
0.86000627093385851,17.1446403986306
0.86137607050769027,17.1446403986306
0.86137607050769027,16.904457992681046
0.86201878961879386,16.904457992681046
0.86201878961879386,16.664275586731378
0.864031451289071,16.664275586731378
0.864031451289071,16.424093180781938
0.86537322573592257,16.424093180781938
0.86537322573592257,16.183910774832384
0.86668711804113552,16.183910774832384
0.86668711804113552,15.933486048799525
0.86937066693483867,15.933486048799525
0.86937066693483867,16.183910774832384
0.87004126818758087,16.183910774832384
0.87004126818758087,15.933486048799525
0.87135516049279382,15.933486048799525
0.87135516049279382,15.693303642849967
0.87135516049279382,15.933486048799525
0.87468164297561324,15.933486048799525
0.87468164297561324,16.183910774832384
0.87602348891513571,16.183910774832384
0.87602348891513571,15.933486048799525
0.87602348891513571,16.183910774832384
0.87736526336198684,16.183910774832384
0.87736526336198684,16.424093180781938
0.87803586461472949,16.424093180781938
0.87803607909274128,16.182400032619398
0.87934989990528334,16.182400032619398
0.87934989990528334,16.422582438569179
0.88002050115802555,16.422582438569179
0.88002050115802555,16.66276484451862
0.88136234709754802,16.66276484451862
0.88136234709754802,16.902947250468173
0.88203294835028978,16.902947250468173
0.88203294835028978,17.143129656417841
0.88401765638625807,17.143129656417841
0.88401765638625807,17.393554382450588
0.88468825763899983,17.393554382450588
0.88468825763899983,17.143129656417841
0.88535885889174248,17.143129656417841
0.88535885889174248,15.441086510801938
0.88603017507119319,15.20090410485227
0.88603017507119319,9.1236234835215555
0.88535885889174248,8.8731987574886944
0.88535885889174248,2.7958925303579463
0.88468825763899983,2.5557101244082787
0.88468825763899983,1.0939518079428581
0.88401765638625807,0.8537694019933042
0.88401765638625807,0.1229030466605536
0.88337493727515404,0.1229030466605536
0.88337493727515404,-0.60798891447234382
0.88270433602241183,-0.60798891447234382
0.88270433602241183,-0.848171320421784
0.88203373476966962,-0.848171320421784
0.88203373476966962,-1.0985960464545317
0.88136313351692785,-1.0985960464545317
0.88136313351692785,-1.5791657047554963
0.8806925322641852,-1.5791657047554963
0.8806925322641852,-2.0697728367379118
0.88002121608473449,-2.0697728367379118
0.88002121608473449,-2.3099552426873515
0.87935061483199228,-2.3099552426873515
0.87935061483199228,-2.8005367688696201
0.8787078957208887,-2.8005367688696201
0.8787078957208887,-3.0407191748191731
0.87803729446814649,-3.0407191748191731
0.87803729446814649,-3.2809015807688411
0.87736669321540428,-3.2809015807688411
0.87736669321540428,-3.5313263068015885
0.87669609196266207,-3.5313263068015885
0.87669609196266207,-3.7715087127512561
0.87602549070991986,-3.7715087127512561
0.87602549070991986,-4.01169111870081
0.87535417453046871,-4.2621158447336711
0.87535417453046871,-4.5022982506831113
0.8740403537179271,-4.5022982506831113
0.8740403537179271,-4.9928797768653794
0.87336975246518445,-4.9928797768653794
0.87336975246518445,-5.2330621828149333
0.87269915121244268,-5.4732445887644872
0.87135737676559111,-5.4732445887644872
0.87135737676559111,-5.7136830527163056
0.87068606058613995,-5.7136830527163056
0.87068606058613995,-6.2042645788985737
0.87004334147503637,-6.2042645788985737
0.87004334147503637,-6.4444469848481276
0.86937274022229416,-6.4444469848481276
0.86937274022229416,-6.6948717108808751
0.86870213896955195,-6.6948717108808751
0.86803153771680974,-6.9350541168304289
0.86738881860570638,-6.9350541168304289
0.86738881860570638,-7.1752365227799828
0.86669033521132532,-7.1752365227799828
0.86669033521132532,-7.4154189287296504
0.8660476161002213,-7.4154189287296504
0.8660476161002213,-7.6658436547623978
0.86537629992077081,-7.6658436547623978
0.86536493258609881,-8.1482569306771211
0.8646943313333566,-8.1482569306771211
0.8646943313333566,-8.3986816567098685
0.86402373008061417,-8.3986816567098685
0.86402373008061417,-8.6388640626594224
0.86270990926807212,-8.6388640626594224
0.86201142587369128,-8.87904646860909
0.86201142587369128,-9.1294711946417237
0.86136870676258748,-9.1294711946417237
0.86136870676258748,-9.6100408529426886
0.86069739058313655,-9.6100408529426886
0.86069739058313655,-9.8604655789754361
0.85999890718875571,-9.8604655789754361
0.85999890718875571,-10.100647984925104
0.85935618807765213,-10.100647984925104
0.85935618807765213,-10.340830390874656
0.85868558682491014,-10.340830390874656
0.85868558682491014,-10.590999058905368
0.85734381237805857,-10.590999058905368
0.85734381237805857,-11.071594323006252
0.85667321112531636,-11.071594323006252
0.85667321112531636,-11.31177672895592
0.85600189494586565,-11.561945396986516
0.85600189494586565,-11.80212780293607
0.85535917583476162,-11.80212780293607
0.85535917583476162,-12.042310208885738
0.85468857458201941,-12.042310208885738
0.85468857458201941,-12.292734934918371
0.85401797332927742,-12.292734934918371
0.85401797332927742,-12.532917340868041
0.85334737207653499,-12.532917340868041
0.85334737207653499,-12.773099746817593
0.85267677082379301,-12.773099746817593
0.85267677082379301,-13.263681272999859
0.85200616957105102,-13.263681272999859
0.85200616957105102,-13.744250931300712
0.85133556831830859,-13.744250931300712
0.85133556831830859,-14.23483245748298
0.85069284920720478,-14.23483245748298
0.85069284920720478,-14.475014863432648
0.8500222479544628,-14.715197269382202
0.84935164670172036,-14.965621995414836
0.84935164670172036,-15.205804401364505
0.84868104544897838,-15.205804401364505
0.84868104544897838,-15.445986807314055
0.84801687853661711,21.038488830437476
0.84801044419623639,-15.445986807314055
0.84801044419623639,-15.936568333496323
0.84733984294349396,-15.936568333496323
0.84733984294349396,-16.417163597597437
0.84669712383239015,-16.417163597597437
0.84669712383239015,-16.907745123779478
0.84602580765293944,-16.907745123779478
0.84602580765293944,-17.157913791810188
0.84535520640019723,-17.157913791810188
0.84535520640019723,-17.648495317992456
0.8446846051474548,-17.648495317992456
0.8446846051474548,-18.12909058209334
0.84401400389471282,-18.12909058209334
0.84401400389471282,-18.619672108275608
0.84334340264197083,-18.619672108275608
0.84334340264197083,-19.350538463608245
0.8426728013892284,-19.350538463608245
0.8426728013892284,-19.831133727709361
0.84203008227812481,-19.831133727709361
0.84203008227812481,-20.562000083043813
0.84135876609867388,-20.562000083043813
0.84135876609867388,-21.052581609225854
0.8406881648459319,-21.052581609225854
0.8406881648459319,-21.292764015175521
0.84001756359318924,-21.533202479127223
0.84001756359318924,-21.783371147157823
0.83934696234044726,-21.783371147157823
0.83934696234044726,-22.02355355310749
0.83867636108770527,-22.02355355310749
0.83867636108770527,-22.514135079289531
0.83803364197660124,-22.514135079289531
0.83803364197660124,-23.485311869572801
0.83736304072385925,-23.485311869572801
0.83736304072385925,-24.45646305405592
0.83669243947111727,-24.45646305405592
0.83669243947111727,-24.69664546000547
0.83602112329166633,-24.69664546000547
0.83602112329166633,-24.947070186038331
0.83533436469530753,-25.18922423860306
0.83533436469530753,-25.669793896903911
0.83466376344256554,-25.669793896903911
0.83466376344256554,-26.400660252236548
0.83399316218982311,-26.400660252236548
0.83399316218982311,-26.651084978269296
0.83335044307871953,-26.651084978269296
0.83335044307871953,-27.131654636570261
0.83267984182597732,-27.381823304600857
0.83267984182597732,-28.102677792052191
0.83200924057323489,-28.102677792052191
0.83200924057323489,-28.843581621066392
0.83133792439378418,-28.843581621066392
0.83133792439378418,-29.083764027015945
0.83066732314104197,-29.083764027015945
0.83066732314104197,-29.56433368531691
0.82999672188829998,-29.56433368531691
0.82999672188829998,-30.054940817299212
0.82935400277719595,-30.054940817299212
0.82935400277719595,-31.026092001782217
0.82868340152445397,-31.026092001782217
0.82868340152445397,-31.516673527964372
0.82801280027171198,-31.516673527964372
0.82801280027171198,-31.997268792065483
0.82734219901896955,-31.997268792065483
0.82734219901896955,-32.487850318247638
0.82667088283951862,-32.487850318247638
0.82667088283951862,-32.968419976548603
0.82602816372841503,-33.21884470258135
0.82602816372841503,-33.699439966682462
0.82535756247567282,-33.699439966682462
0.82535756247567282,-34.190021492864616
0.82468696122293039,-34.190021492864616
0.82468696122293039,-34.43020389881417
0.82401635997018841,-34.43020389881417
0.82401635997018841,-34.920785424996325
0.82334575871744642,-35.160967830945879
0.82334575871744642,-35.651574962928294
0.82267515746470399,-35.651574962928294
0.82267515746470399,-35.891757368877848
0.822004556211962,-35.891757368877848
0.822004556211962,-36.382338895060002
0.82136183710085819,-36.382338895060002
0.82136183710085819,-36.622521301009563
0.82069123584811576,-36.86270370695911
0.82069123584811576,-37.103142170910814
0.81934946140126463,-37.103142170910814
0.81934946140126463,-37.353310838941525
0.8186788601485222,-37.353310838941525
0.8186788601485222,-37.843892365123679
0.81800825889578022,-37.843892365123679
0.81800825889578022,-38.084074771073347
0.81733765764303801,-38.084074771073347
0.81733765764303801,-38.324257177022787
0.81602376533782484,-38.324257177022787
0.81602376533782484,-38.814864309005202
0.81535316408508285,-38.814864309005202
0.81535316408508285,-39.055046714954763
0.81535316408508285,-38.814864309005202
0.81468256283234042,-38.814864309005202
0.81468256283234042,-38.083972347872418
0.81401196157959821,-38.083972347872418
0.81334136032685622,-38.324154753821972
0.81334136032685622,-38.564337159771526
0.81202746802164305,-38.564337159771526
0.81202746802164305,-38.324154753821972
0.81135686676890106,-38.324154753821972
0.81135686676890106,-38.083972347872418
0.81001509232204927,-38.083972347872418
0.81001509232204927,-37.843789941922864
0.80934449106930728,-37.843789941922864
0.80934449106930728,-37.353208415740603
0.80867388981656485,-37.353208415740603
0.80867388981656485,-36.862601283758295
0.80668911028792611,-36.862601283758295
0.80668911028792611,-36.622418877808741
0.80601850903517924,-36.622418877808741
0.80600471094970283,-36.382134048658372
0.80533410969696084,-36.382134048658372
0.80533410969696084,-36.131965380627662
0.80466350844421841,-36.131965380627662
0.80466350844421841,-35.891782974678108
0.8040207893331146,-35.891782974678108
0.8040207893331146,-35.651600568728441
0.80335018808037262,-35.651600568728441
0.80335018808037262,-35.401175842695693
0.80267958682763019,-35.401175842695693
0.80267958682763019,-35.160737378743988
0.8020089855748882,-35.160737378743988
0.8020089855748882,-34.670155852561834
0.80133838432214621,-34.670155852561834
0.80133838432214621,-34.189586194260983
0.80066778306940378,-34.189586194260983
0.80066778306940378,-33.699004668078828
0.79868307503343616,-33.699004668078828
0.79868307503343616,-33.218409403977716
0.79801247378069373,-33.218409403977716
0.79801247378069373,-32.727827877795562
0.79734187252795152,-32.727827877795562
0.79734187252795152,-32.487645471846008
0.79734187252795152,-32.727827877795562
0.79667055634850059,-32.727827877795562
0.79667055634850059,-32.96801028374523
0.7959999550957586,-32.96801028374523
0.7959999550957586,-32.487440625444265
0.79535723598465458,-32.237015899411517
0.79535723598465458,-31.756420635310405
0.79468663473191259,-31.756420635310405
0.79468663473191259,-31.99685909926211
0.79267397306163545,-31.99685909926211
0.79267397306163545,-31.756420635310405
0.79200337180889302,-31.516238229360734
0.79200337180889302,-31.266069561330028
0.7900186637729254,-31.266069561330028
0.7900186637729254,-31.025887155380588
0.78934806252018297,-31.025887155380588
0.78867746126744098,-30.78570474943092
0.78800686001469855,-30.78570474943092
0.78800686001469855,-30.53553608140021
0.7866929677094856,-30.53553608140021
0.7866929677094856,-30.295353675450656
0.78468030603920869,-30.295353675450656
0.78400970478646625,-30.055171269501106
0.78269581248125331,-30.055171269501106
0.78269581248125331,-29.814732805549401
0.78202521122851087,-29.814732805549401
0.78202521122851087,-29.56430807951665
0.78068343678165975,-29.56430807951665
0.78068343678165975,-29.814732805549401
0.78001283552891731,-29.814732805549401
0.78001283552891731,-30.055171269501106
0.77867106108206596,-30.055171269501106
0.77867106108206596,-29.564564137518687
0.77802834197096238,-29.564564137518687
0.77802834197096238,-29.324381731569133
0.77802834197096238,-29.564564137518687
0.77668649603143969,-29.564564137518687
0.77533535604470272,-29.563539905510201
0.77533535604470272,-29.813964631542945
0.77466475479196029,-29.813964631542945
0.77466475479196029,-30.054403095494649
0.7740220356808567,-30.054403095494649
0.7740220356808567,-29.813964631542945
0.77335143442811471,-29.813964631542945
0.77335143442811471,-29.563539905510201
0.77069576767605019,-29.563539905510201
0.77069576767605019,-29.323357499560643
0.7693539932291984,-29.323357499560643
0.76868339197645641,-29.563539905510201
0.76868339197645641,-29.813964631542945
0.76734154603693372,-29.813964631542945
0.76734154603693372,-29.563539905510201
0.76667094478419173,-29.563539905510201
0.76667094478419173,-29.813964631542945
0.76535712397164946,-29.813964631542945
0.76535712397164946,-29.563539905510201
0.76334446230137254,-29.563539905510201
0.76334446230137254,-29.813964631542945
0.76334446230137254,-29.563539905510201
0.7613596827727338,-29.563539905510201
0.7613596827727338,-29.813964631542945
0.76068908151999137,-30.054403095494649
0.75999059812561054,-30.054403095494649
0.75999059812561054,-29.813964631542945
0.75931999687286855,-29.813964631542945
0.75931999687286855,-29.563539905510201
0.75864939562012634,-29.813964631542945
0.75864939562012634,-30.054403095494649
0.75797807944067541,-30.054403095494649
0.75797807944067541,-30.29458550144432
0.75797807944067541,-29.813990237343091
0.75733536032957138,-29.813990237343091
0.75733536032957138,-29.323408711161051
0.7566647590768294,-29.563591117110605
0.75599415782408741,-29.814015843143352
0.75599415782408741,-30.054454307094943
0.75465238337723584,-30.054454307094943
0.75465238337723584,-29.814015843143352
0.75333849107202289,-29.814015843143352
0.75333849107202289,-30.054454307094943
0.75266788981928046,-30.054454307094943
0.75266788981928046,-29.814015843143352
0.74998434092557753,-29.814015843143352
0.74998434092557753,-30.054454307094943
0.74931373967283554,-30.054454307094943
0.74931373967283554,-30.294636713044611
0.74867102056173152,-30.294636713044611
0.74867102056173152,-30.054454307094943
0.74665828739878326,-30.054454307094943
0.74401370201070405,-30.054172643292759
0.74401370201070405,-29.813734179341051
0.74267185607118136,-29.813734179341051
0.74267185607118136,-30.054172643292759
0.74200125481843915,-30.054172643292759
0.74200125481843915,-30.294355049242427
0.74068743400589709,-30.294355049242427
0.74068743400589709,-29.813759785141201
0.73934565955904574,-29.813759785141201
0.73934565955904574,-30.054198249092902
0.73867434337959481,-30.054198249092902
0.73867434337959481,-29.813759785141201
0.73733256893274324,-29.813759785141201
0.73733256893274324,-30.054198249092902
0.73666196768000125,-30.054198249092902
0.73666196768000125,-30.294380655042573
0.73601924856889722,-30.294380655042573
0.73601924856889722,-30.054198249092902
0.73534864731615524,-30.054198249092902
0.73534864731615524,-29.813759785141201
0.73199413970635585,-29.813759785141201
0.73135142059525182,-29.563335059108454
0.73068081934250961,-29.563335059108454
0.73068081934250961,-29.813759785141201
0.72933904489565804,-29.813759785141201
0.72933904489565804,-29.563335059108454
0.72866772871620711,-29.563335059108454
0.72799712746346512,-29.813759785141201
0.72735440835236154,-29.813759785141201
0.72735440835236154,-29.563335059108454
0.72601263390550974,-29.563335059108454
0.72601263390550974,-29.3231526531589
0.72465270032025653,-29.3231526531589
0.72465270032025653,-29.082970247209342
0.72331085438073428,-29.082970247209342
0.72331085438073428,-29.3231526531589
0.721997033568192,-29.3231526531589
0.721997033568192,-29.082970247209342
0.72132643231544957,-29.082970247209342
0.72132643231544957,-28.842787841259678
0.72065583106270759,-28.842787841259678
0.72065583106270759,-29.082970247209342
0.720013111951604,-29.3231526531589
0.71931462855722317,-29.082970247209342
0.71931462855722317,-28.842787841259678
0.71867190944611914,-28.842787841259678
0.71867190944611914,-28.352206315077641
0.71800130819337693,-28.352206315077641
0.71800130819337693,-28.592388721027191
0.71733070694063494,-28.592388721027191
0.71733070694063494,-28.842557389057788
0.71733070694063494,-28.592388721027191
0.71667168750057342,-28.591236460017512
0.71667168750057342,-28.351054054067845
0.7140160207485089,-28.351054054067845
0.7140160207485089,-28.100629328035097
0.71334541949576691,-28.100629328035097
0.71334541949576691,-27.860446922085544
0.71001893701294749,-27.860446922085544
0.71001893701294749,-27.62026451613588
0.70934762083349678,-27.62026451613588
0.70867701958075413,-27.380082110186319
0.707335245133903,-27.380082110186319
0.707335245133903,-27.129913442155608
0.70535053709793494,-27.129913442155608
0.70535053709793494,-26.889731036206054
0.70467993584519295,-26.889731036206054
0.70467993584519295,-26.649548630256504
0.7033380899056707,-26.649548630256504
0.7033380899056707,-26.399123904223643
0.70135338186970264,-26.399123904223643
0.70135338186970264,-26.158941498274203
0.70068278061696065,-26.158941498274203
0.70068278061696065,-25.918759092324532
0.70001217936421822,-25.918759092324532
0.70001217936421822,-25.428177566142381
0.69867033342469576,-25.428177566142381
0.69802761431359217,-25.668359972091931
0.69802761431359217,-25.428177566142381
0.69735701306084974,-25.428177566142381
0.69735701306084974,-24.94760790784153
0.6953443513905726,-24.94760790784153
0.6953443513905726,-24.697183181808668
0.69400250545105036,-24.697183181808668
0.69400250545105036,-24.457000775859115
0.69335978633994677,-24.216818369909561
0.69134712466966919,-24.216818369909561
0.69134712466966919,-23.96664970187885
0.69000535022281806,-23.96664970187885
0.69000535022281806,-23.726467295929297
0.68936263111171403,-23.726467295929297
0.68936263111171403,-23.486284889979629
0.68869202985897204,-23.486284889979629
0.68869202985897204,-23.246102484030075
0.68802142860622983,-23.246102484030075
0.68802142860622983,-22.995677757997328
0.6873508273534874,-22.995677757997328
0.68734346360838683,-22.753139618427667
0.6866728623556444,-22.753139618427667
0.6866728623556444,-22.512957212478117
0.68600226110290241,-22.512957212478117
0.68600226110290241,-22.262788544447403
0.68468836879768902,-22.262788544447403
0.68468836879768902,-22.512957212478117
0.68401776754494703,-22.512957212478117
0.68401776754494703,-22.022375686295959
0.68334716629220504,-22.022375686295959
0.68334716629220504,-21.531794160113805
0.68267656503946261,-21.531794160113805
0.68200596378672063,-21.781962828144515
0.68133536253397842,-21.781962828144515
0.68133536253397842,-21.531794160113805
0.68069264342287439,-21.531794160113805
0.68069264342287439,-21.051198896012693
0.68002132724342346,-21.051198896012693
0.68002132724342346,-20.811016490063139
0.68002132724342346,-21.051198896012693
0.67867955279657233,-21.051198896012693
0.67867955279657233,-20.560617369830538
0.6780089515438299,-20.560617369830538
0.6780089515438299,-20.320434963880984
0.67602424350786228,-20.320434963880984
0.67602424350786228,-20.080252557931431
0.67535364225511985,-20.080252557931431
0.67535364225511985,-19.829827831898683
0.67468232607566891,-19.829827831898683
0.67468232607566891,-19.589645425949016
0.67401172482292693,-19.589645425949016
0.67401172482292693,-19.349206961997425
0.67266995037607558,-19.349206961997425
0.67266995037607558,-19.099038293966714
0.67202723126497155,-19.099038293966714
0.67202723126497155,-18.85885588801716
0.67001449810202351,-18.85885588801716
0.67001449810202351,-18.618673482067493
0.66934389684928131,-18.378491076117825
0.66934389684928131,-18.128066350085081
0.66803007603673925,-18.128066350085081
0.66803007603673925,-17.887883944135524
0.66735947478399726,-17.887883944135524
0.66735947478399726,-17.647701538185856
0.66668887353125483,-17.647701538185856
0.66668887353125483,-17.397276812153223
0.66534709908440348,-17.397276812153223
0.66534709908440348,-17.157094406203555
0.66467578290495233,-17.157094406203555
0.66467578290495233,-16.906925738172959
0.66400518165221012,-16.906925738172959
0.66400518165221012,-16.666743332223405
0.66269136083966784,-16.666743332223405
0.66269136083966784,-16.416318606190544
0.66202075958692586,-16.416318606190544
0.66135015833418342,-16.17613620024099
0.66067955708144122,-16.17613620024099
0.66067955708144122,-15.935697736289171
0.65998035876035166,-15.935697736289171
0.65933763964924808,-15.695515330339733
0.65933763964924808,-15.445346662309021
0.6579958652023965,-15.445346662309021
0.6579958652023965,-15.205164256359469
0.6566469414884577,-15.202808522739248
0.6566469414884577,-14.962626116789693
0.6560042223773539,-14.962626116789693
0.6560042223773539,-14.712201390756944
0.65530502405626434,-14.712201390756944
0.65530502405626434,-14.472018984807391
0.65466230494516076,-14.472018984807391
0.6539917036924181,-14.231836578857838
0.65264992924556675,-14.231836578857838
0.65264992924556675,-13.99165417290817
0.65197932799282454,-13.99165417290817
0.65197932799282454,-13.741229446875424
0.65133660888172074,-13.741229446875424
0.65133660888172074,-13.501047040925757
0.64999476294219849,-13.501047040925757
0.64999476294219849,-13.260864634976199
0.64932416168945606,-13.260864634976199
0.64932416168945606,-13.010439908943454
0.64798238724260449,-13.010439908943454
0.64798238724260449,-12.7702575029939
0.6473396681315009,-12.7702575029939
0.6473396681315009,-12.530075097044346
0.64599789368464933,-12.530075097044346
0.64599789368464933,-12.289892691094678
0.6453265775051984,-12.289892691094678
0.6453265775051984,-12.039467965061933
0.64331391583492126,-12.039467965061933
0.64267119672381745,-11.799285559112263
0.64267119672381745,-11.55910315316271
0.64132942227696588,-11.55910315316271
0.64132942227696588,-11.308934485132228
0.63998757633744363,-11.308934485132228
0.63998757633744363,-11.068752079182561
0.63800286830147579,-11.068752079182561
0.63800286830147579,-10.828313615230854
0.63733226704873358,-10.828313615230854
0.63666166579599115,-10.5881312092813
0.63599106454324894,-10.5881312092813
0.63599106454324894,-10.33796254125059
0.6340062850146102,-10.33796254125059
0.633335683761868,-10.097780135301036
0.63199390931501642,-10.097780135301036
0.63199390931501642,-9.8575977293513688
0.63132330806227421,-9.8575977293513688
0.63132330806227421,-9.6071730033187368
0.62866764131020969,-9.6071730033187368
0.62866764131020969,-9.3669905973690675
0.62799704005746726,-9.3669905973690675
0.62732107685441041,-9.3656334899574176
0.62732107685441041,-9.1254510840077501
0.62600718454919724,-9.1254510840077501
0.62600718454919724,-8.8750263579751163
0.62335158928980383,-8.8750263579751163
0.62335158928980383,-8.6348439520254487
0.622653105895423,-8.6348439520254487
0.622653105895423,-8.8750263579751163
0.62133921359021005,-8.8750263579751163
0.62133921359021005,-8.6348439520254487
0.61999743914335848,-8.6348439520254487
0.61932683789061627,-8.3946615460758949
0.61734212985464842,-8.3946615460758949
0.61734212985464842,-8.1442368200431474
0.61600028391512618,-8.1442368200431474
0.61600028391512618,-8.3946615460758949
0.61532968266238397,-8.3946615460758949
0.61532968266238397,-8.1442368200431474
0.61398790821553217,-8.1442368200431474
0.61398790821553217,-7.9040544140934799
0.61398790821553217,-8.1442368200431474
0.61267408740299034,-8.1442368200431474
0.61267408740299034,-7.9040544140934799
0.60934753342750025,-7.9040544140934799
0.60934753342750025,-7.663872008143926
0.60867693217475782,-7.663872008143926
0.60867693217475782,-7.9040544140934799
0.60733515772790647,-7.9040544140934799
0.60733515772790647,-7.663872008143926
0.60467949097584195,-7.663872008143926
0.60467949097584195,-7.4134472821110649
0.60400888972309952,-7.4134472821110649
0.60333828847035753,-7.663872008143926
0.6026676872176151,-7.663872008143926
0.6026676872176151,-7.4134472821110649
0.59867024601869923,-7.4134472821110649
0.59866659989248516,-7.1729063949583178
0.59735277907994289,-7.1729063949583178
0.59735277907994289,-7.4130888009079854
0.59601093314042064,-7.4130888009079854
0.59601093314042064,-7.1729063949583178
0.58533250184888574,-7.1729063949583178
0.58533250184888574,-6.932723989008764
0.57935035261400203,-6.932723989008764
0.57935035261400203,-6.6925415830593238
0.57867975136125982,-6.6925415830593238
0.57800915010851761,-6.932723989008764
0.57666730416899514,-6.932723989008764
0.57666730416899514,-6.6925415830593238
0.57535348335645309,-6.6925415830593238
0.57535348335645309,-6.932723989008764
0.57535348335645309,-6.6925415830593238
0.57334082168617595,-6.6925415830593238
0.57334082168617595,-6.4421168570264626
0.57267022043343352,-6.4421168570264626
0.57267022043343352,-6.6925415830593238
0.57199890425398259,-6.6925415830593238
0.571356185142879,-6.4421168570264626
0.57068558389013657,-6.4421168570264626
0.57068558389013657,-6.6925415830593238
0.569343809443285,-6.6925415830593238
0.569343809443285,-6.4421168570264626
0.56867320819054279,-6.4421168570264626
0.56668664134513236,-6.4413998946204174
0.56668664134513236,-6.2012174886708644
0.56134742569936491,-6.2012174886707498
0.56134742569936491,-5.9610350827210823
0.55732203086613974,-5.9610350827210823
0.55732203086613974,-5.7108664146904857
0.55399554838332055,-5.7108664146904857
0.55332494713057812,-5.470427950738781
0.54997043952077851,-5.470427950738781
0.5493277204096747,-5.2302455447891134
0.54731498724672645,-5.2302455447891134
0.54731498724672645,-4.9900631388395604
0.54331761754048169,-4.9900631388395604
0.54331761754048169,-4.739894470808963
0.53932017634156559,-4.739894470808963
0.53864835971341862,-4.7391519026026572
0.53864835971341862,-4.4989694966531033
0.53465091851450297,-4.4989694966531033
0.53465091851450297,-4.2587870907035494
0.53065347731558687,-4.2587870907035494
0.53065347731558687,-4.0083623646706883
0.52998287606284467,-4.0083623646706883
0.52934015695174086,-4.2587870907035494
0.52866955569899865,-4.2587870907035494
0.52866955569899865,-4.0083623646706883
0.5233303400532312,-4.0083623646706883
0.52265902387378027,-3.7681799587211344
0.50999588454627753,-3.7681799587211344
0.50932299552806759,-3.767975112319391
0.50932299552806759,-3.5277927063697234
0.50868027641696401,-3.5277927063697234
0.50868027641696401,-3.767975112319391
0.49665999918590681,-3.767975112319391
0.49665999918590681,-4.0081575182689448
0.49598939793316438,-4.0081575182689448
0.49534667882206063,-3.767975112319391
0.49467607756931842,-3.767975112319391
0.49467607756931842,-4.0081575182689448
0.48866590320745451,-4.0081575182689448
0.48866590320745451,-4.258582244301806
0.48799530195471208,-4.258582244301806
0.48799530195471208,-4.0081575182689448
0.48668148114217019,-4.0081575182689448
0.48668148114217019,-4.258582244301806
0.480000491049551,-4.258582244301806
0.47533073277379212,-4.258582244301806
0.47465941659434119,-4.4987646502513599
0.471332934111522,-4.4987646502513599
0.471332934111522,-4.258582244301806
0.47066233285877951,-4.258582244301806
0.47066233285877951,-4.4987646502513599
0.46468013357902599,-4.4987646502513599
0.46468013357902599,-4.258582244301806
0.46400924635560048,-4.258582244301806
0.46333835913217492,-4.4987646502513599
0.46266747190874891,-4.4987646502513599
0.46266747190874891,-4.258582244301806
0.46132567601409641,-4.258582244301806
0.46132567601409641,-4.4987646502513599
0.45998388011944358,-4.4987646502513599
0.45998388011944358,-4.258582244301806
0.45864209137405781,-4.258582244301806
0.45864209137405781,-4.4987646502513599
0.45797120415063231,-4.4987646502513599
0.45730031692720652,-4.258582244301806
0.45665738333809019,-4.258582244301806
0.45598649611466419,-4.4987646502513599
0.4546447073692787,-4.4987646502513599
0.4546447073692787,-4.258582244301806
0.45265983490016798,-4.258582244301806
0.45265983490016798,-4.0081575182689448
0.45131804615478233,-4.0081575182689448
0.45131804615478233,-4.258582244301806
0.45064715893135648,-4.258582244301806
0.44597892344948709,-4.258582244301806
0.44530803622606108,-4.0081575182689448
0.43865497831995048,-4.0081575182689448
0.43865497831995048,-3.767975112319391
0.4359993401649544,-3.767975112319391
0.43532845294152861,-4.0081575182689448
0.43331576267418298,-4.0081575182689448
0.43264487545075742,-3.767975112319391
0.42132348197303782,-3.767975112319391
0.41399949394789881,-3.767975112319391
0.41399949394789881,-3.5277927063697234
0.4126577052025131,-3.5277927063697234
0.4126577052025131,-3.767975112319391
0.39132876765668451,-3.767975112319391
0.38733126926363193,-3.7680775355202059
0.38733126926363193,-4.0082599414698734
0.38666038204020631,-4.0082599414698734
0.38598949481678058,-3.7680775355202059
0.38467565255643721,-3.7680775355202059
0.38467565255643721,-4.0082599414698734
0.38400476533301159,-4.0082599414698734
0.38400476533301159,-3.7680775355202059
0.38266296943835848,-3.7680775355202059
0.38266296943835848,-4.0082599414698734
0.38132118069297299,-4.0082599414698734
0.38132118069297299,-3.7680775355202059
0.38000733843262968,-3.7680775355202059
0.38000733843262968,-4.0082599414698734
0.37732374664332408,-4.0082599414698734
0.37732374664332408,-4.2586846675026209
0.37665285941989851,-4.2586846675026209
0.3760099258307823,-4.0082599414698734
0.37466812993612941,-4.0082599414698734
0.37466812993612941,-4.2586846675026209
0.37399724271270379,-4.2586846675026209
0.37332635548927778,-4.0082599414698734
0.37265546826585227,-4.0082599414698734
0.37265546826585227,-4.2586846675026209
0.36865804136547048,-4.2586846675026209
0.36865804136547048,-4.4988670734522884
0.36734419910512689,-4.4988670734522884
0.36734419910512689,-4.2586846675026209
0.36600240321047428,-4.2586846675026209
0.36600240321047428,-4.4988670734522884
0.36130612830309028,-4.4988670734522884
0.36063521248259622,-4.4996864590592622
0.36063521248259622,-4.7398688650088161
0.35797958147686709,-4.7398688650088161
0.35797958147686709,-4.9900375330395264
0.35663778558221421,-4.9900375330395264
0.35663778558221421,-4.7398688650088161
0.35599485199309799,-4.7398688650088161
0.35599485199309799,-4.9900375330395264
0.35465296315797329,-4.9900375330395264
0.35465296315797329,-5.2302199389889674
0.35132643063028429,-5.2302199389889674
0.35132643063028429,-5.4704023449385204
0.35065554340685851,-5.4704023449385204
0.35065554340685851,-5.2302199389889674
0.349984656183433,-5.2302199389889674
0.349984656183433,-5.4704023449385204
0.34931376896000721,-5.4704023449385204
0.34931376896000721,-5.7108408088903388
0.34799992669966379,-5.7108408088903388
0.34799992669966379,-5.4704023449385204
0.34732903947623778,-5.4704023449385204
0.34732903947623778,-5.7108408088903388
0.34598724358158539,-5.7108408088903388
0.34598724358158539,-5.9610094769209354
0.3446454190898644,-5.9610094769209354
0.3446454190898644,-6.201191882870603
0.3419897809348682,-6.201191882870603
0.34131889371144242,-6.4413742888201568
0.33866325555644639,-6.4413742888201568
0.33866325555644639,-6.691799014853018
0.3366505652891007,-6.691799014853018
0.3366505652891007,-6.9319814208025718
0.33597967806567491,-6.9319814208025718
0.33597967806567491,-7.172163826752012
0.33466583580533182,-7.172163826752012
0.33399494858190598,-7.4123462327016796
0.3326531526872531,-7.4123462327016796
0.3326531526872531,-7.662770958734427
0.33198226546382759,-7.662770958734427
0.33131157127061311,-7.6646913937506724
0.33131157127061311,-7.90487379970034
0.32999750023372298,-7.90487379970034
0.32999750023372298,-8.1450562056498939
0.32932661301029698,-8.1450562056498939
0.32865572578687141,-7.90487379970034
0.32798483856344579,-7.90487379970034
0.32798483856344579,-8.1450562056498939
0.32731395134002,-8.1450562056498939
0.32731395134002,-8.395480931682755
0.32532917181138132,-8.395480931682755
0.32532917181138132,-8.6356633376323089
0.32465828458795548,-8.6356633376323089
0.32465828458795548,-8.8758457435818627
0.32264559432061007,-8.8758457435818627
0.32264559432061007,-9.1262704696146102
0.32200266073149358,-9.1262704696146102
0.3213317735080678,-9.3664528755641641
0.32066088628464201,-9.3664528755641641
0.32066088628464201,-9.6066352815138316
0.3193190903899894,-9.6066352815138316
0.3193190903899894,-9.8570600075465808
0.31800524812964598,-9.8570600075465808
0.31800524812964598,-10.097242413496131
0.31733436090622041,-10.097242413496131
0.31733436090622041,-10.3374248194458
0.31532162774327221,-10.3374248194458
0.31532162774327221,-10.587593487476283
0.31465074051984637,-10.587593487476283
0.31465074051984637,-10.827775893425953
0.31333690540877018,-10.827775893425953
0.31333690540877018,-11.068214357377656
0.3119951095141173,-11.068214357377656
0.3119951095141173,-11.30839676332721
0.31132422229069179,-11.30839676332721
0.310653335067266,-11.55856543135792
0.30998244784384021,-11.55856543135792
0.30998244784384021,-11.798747837307474
0.30866860558349662,-11.798747837307474
0.30866860558349662,-12.038930243257139
0.307997718360071,-12.038930243257139
0.307997718360071,-12.289354969289777
0.30665592246541817,-12.289354969289777
0.30665592246541817,-12.529537375239329
0.30598503524199239,-12.529537375239329
0.30598503524199239,-12.769719781188996
0.30400029145968932,-12.769719781188996
0.30400029145968932,-13.260301307371265
0.30332940423626348,-13.260301307371265
0.30332940423626348,-13.500483713320818
0.30265851701283769,-13.500483713320818
0.30265848126650252,-13.262887493193148
0.30198759404307668,-13.262887493193148
0.30131670681965073,-13.503069899142815
0.30131670681965073,-13.743252305092369
0.30067377323053468,-13.743252305092369
0.30067377323053468,-13.99367703112523
0.29933197733588179,-13.99367703112523
0.29933197733588179,-14.233859437074784
0.29866109011245601,-14.233859437074784
0.29866109011245601,-14.714454701175896
0.2960053804647893,-14.714454701175896
0.2960053804647893,-14.96487942720853
0.29533449324136352,-14.96487942720853
0.29533449324136352,-15.205061833158195
0.29466360601793767,-15.205061833158195
0.29466360601793767,-15.445244239107751
0.29399271879451211,-15.445244239107751
0.29399271879451211,-15.695412907138348
0.29332183157108638,-15.695412907138348
0.29332183157108638,-15.935595313088015
0.29267889798196989,-15.935595313088015
0.29200801075854432,-16.17603377703972
0.29133712353511848,-16.17603377703972
0.29133712353511848,-16.416216182989388
0.28999532764046559,-16.416216182989388
0.28999532764046559,-16.906797709171428
0.28932444041703981,-16.906797709171428
0.28932444041703981,-17.156966377202139
0.2886815068279236,-17.156966377202139
0.2886815068279236,-17.397148783151692
0.28733971093327088,-17.397148783151692
0.28733971093327088,-17.647573509184554
0.28666882370984509,-17.647573509184554
0.28666882370984509,-17.887755915134107
0.28532702781519248,-17.887755915134107
0.28532702781519248,-18.127938321083661
0.28465614059176669,-18.127938321083661
0.28465614059176669,-18.378363047116409
0.2840132070026502,-18.378363047116409
0.2840132070026502,-18.61854545306608
0.28334231977922442,-18.85872785901563
0.28334231977922442,-19.098910264965184
0.2826714325557988,-19.098910264965184
0.2826714325557988,-19.349078932995891
0.28200054533237301,-19.349078932995891
0.28200054533237301,-19.589517396947599
0.28065875658698758,-19.589517396947599
0.28065875658698758,-19.349078932995891
0.28001582299787109,-19.349078932995891
0.28001582299787109,-19.589517396947599
0.2793449357744453,-19.829699802897157
0.2793449357744453,-20.320281329079307
0.27800313987979258,-20.320281329079307
0.27800313987979258,-20.560463735028861
0.2773322526563668,-20.560463735028861
0.2773322526563668,-20.810632403059572
0.27666136543294101,-20.810632403059572
0.2760184318438248,-21.050814809009239
0.27534754462039901,-21.050814809009239
0.27534754462039901,-21.290997214958679
0.27400574872574629,-21.290997214958679
0.27400574872574629,-21.531435678910384
0.2733348615023205,-21.531435678910384
0.2733348615023205,-22.022017205092538
0.27266397427889472,-22.022017205092538
0.27266397427889472,-22.262199611042089
0.27199300126426418,-22.515261734497471
0.27067915900392059,-22.515261734497471
0.27067915900392059,-22.995831392798323
0.27000827178049502,-22.995831392798323
0.27000827178049502,-23.246256118831184
0.2693373845570694,-23.246256118831184
0.2693373845570694,-23.486438524780738
0.26866649733364339,-23.486438524780738
0.26866649733364339,-23.726620930730292
0.26799561011021761,-23.726620930730292
0.26799561011021761,-23.966803336679845
0.26601087347718178,-23.966803336679845
0.26601087347718178,-24.457384862862117
0.26533998625375599,-24.457384862862117
0.26533998625375599,-24.947991994844411
0.26399819750837028,-24.947991994844411
0.26399819750837028,-24.697567268811557
0.26399819750837028,-24.947991994844411
0.26332731028494449,-24.947991994844411
0.26332731028494449,-25.188174400793969
0.26265642306151871,-25.188174400793969
0.26265642306151871,-25.66874405909482
0.26201348947240238,-25.66874405909482
0.26201348947240238,-25.91891272712553
0.26201348947240238,-25.66874405909482
0.2613146486146673,-25.66874405909482
0.2613146486146673,-25.42856165314538
0.26067171502555109,-25.66874405909482
0.26067171502555109,-26.159325585277088
0.25997287416781578,-26.159325585277088
0.25997287416781578,-26.399507991226638
0.25865903905673931,-26.399507991226638
0.25865903905673931,-26.649932717259389
0.25798815183331381,-26.649932717259389
0.25798815183331381,-26.890115123208943
0.25731726460988802,-26.890115123208943
0.25731726460988802,-27.130297529158497
0.25664637738646201,-27.130297529158497
0.25664637738646201,-27.380466197189207
0.25466164075342612,-27.380466197189207
0.25466164075342612,-27.620648603138875
0.25399075353000028,-27.620648603138875
0.25399075353000028,-27.860831009088429
0.25197776299343722,-27.860831009088429
0.25197776299343722,-28.101013415037983
0.25133482940432073,-28.101013415037983
0.25133482940432073,-28.35143814107073
0.25066394218089488,-28.35143814107073
0.25066394218089488,-28.591620547020401
0.2466665152805132,-28.591620547020401
0.2466665152805132,-28.841789215051108
0.24532471938586051,-28.841789215051108
0.24532471938586051,-29.081971621000665
0.2439829306404748,-29.081971621000665
0.2439829306404748,-29.322154026950216
0.2433399970513585,-29.322154026950216
0.2433399970513585,-29.56233643289977
0.24266925281327431,-29.323741586563639
0.24266925281327431,-29.083559180614088
0.24199836558984869,-29.083559180614088
0.24199836558984869,-28.843376774664421
0.24199836558984869,-29.083559180614088
0.24132747836642321,-29.323741586563639
0.24132747836642321,-29.5639239925132
0.24065659114299739,-29.5639239925132
0.24065659114299739,-29.814348718545943
0.24065659114299739,-29.5639239925132
0.23732984413729569,-29.5639239925132
0.23732984413729569,-29.814348718545943
0.23732984413729569,-29.5639239925132
0.23531715386995011,-29.5639239925132
0.23531715386995011,-29.814348718545943
0.23467422028083379,-29.814348718545943
0.23467422028083379,-30.054787182497648
0.23199062849152849,-30.054787182497648
0.23199062849152849,-30.294969588447199
0.2313197412681027,-30.294969588447199
0.23064885404467689,-30.054787182497648
0.23000592045556059,-30.054787182497648
0.23000592045556059,-30.294969588447199
0.22866412456090779,-30.294969588447199
0.22866412456090779,-30.054787182497648
0.2279932373374822,-30.054787182497648
0.2279932373374822,-30.535356840798499
0.22732235011405641,-30.535356840798499
0.22732235011405641,-30.78552550882921
0.2266514628906304,-30.78552550882921
0.2266514628906304,-30.535356840798499
0.22598057566720481,-30.535356840798499
0.22598057566720481,-30.295174434848946
0.2253376420780886,-30.295174434848946
0.2253376420780886,-30.535356840798499
0.22466675485466281,-30.535356840798499
0.22466675485466281,-30.78552550882921
0.22399586763123699,-30.78552550882921
0.22399586763123699,-31.025707914778764
0.22399586763123699,-30.535126388596609
0.22332498040781121,-30.535126388596609
0.22332498040781121,-30.294943982647052
0.22265409318438539,-30.294943982647052
0.22265409318438539,-30.78552550882921
0.2219832059609598,-30.78552550882921
0.2219832059609598,-31.025707914778764
0.2193275678059638,-31.025707914778764
0.2193275678059638,-31.265890320728431
0.21798577906057809,-31.265890320728431
0.21798577906057809,-31.025707914778764
0.2166719368002345,-31.025707914778764
0.21600104957680899,-31.265890320728431
0.2139887096235506,-31.516315046761409
0.2139883521601964,-31.265890320728431
0.21200397299051449,-31.516315046761409
0.21200397299051449,-31.756497452711077
0.20999128272316889,-31.756497452711077
0.20999128272316889,-31.516315046761409
0.20800605279070369,-31.516315046761409
0.20800605279070369,-31.756497452711077
0.2073351655672781,-31.756497452711077
0.2073351655672781,-31.996935916662665
0.20599336967262519,-31.996935916662665
0.20599336967262519,-32.487517442844819
0.2053224824491994,-32.487517442844819
0.2053224824491994,-32.237092716812072
0.20467954886008319,-32.237092716812072
0.20467954886008319,-31.75649745271096
0.2040086616366574,-31.75649745271096
0.2040086616366574,-31.516315046761289
0.2040086616366574,-31.75649745271096
0.20333777441323159,-31.996935916662551
0.20333777441323159,-32.237118322612105
0.2026668871898058,-32.237118322612105
0.2026668871898058,-32.487543048644966
0.2026668871898058,-32.237118322612105
0.200011256184077,-32.237118322612105
0.200011256184077,-32.487543048644966
0.19934036896065119,-32.487543048644966
0.19934036896065119,-32.237118322612105
0.1973276786933055,-32.237118322612105
0.1973276786933055,-32.487543048644966
0.19665679146987999,-32.72772545459452
0.19665679146987999,-32.967907860544187
0.1960138578807635,-32.967907860544187
0.1960138578807635,-32.72772545459452
0.1940011676134179,-32.72772545459452
0.1940011676134179,-32.967907860544187
0.1906746350857291,-32.967907860544187
0.1906746350857291,-32.72772545459452
0.19000374786230331,-32.72772545459452
0.19000374786230331,-33.218306980776674
0.1893328606388775,-33.218306980776674
0.1893328606388775,-33.458489386726228
0.18866197341545171,-33.458489386726228
0.18866197341545171,-33.218306980776674
0.1879910861920262,-33.218306980776674
0.1879910861920262,-32.967882254743927
0.18734815260290971,-32.967882254743927
0.18667726537948409,-33.218306980776674
0.18667726537948409,-33.698902244877786
0.18600637815605831,-33.698902244877786
0.18600637815605831,-33.218306980776674
0.18533549093263249,-33.218306980776674
0.18533549093263249,-32.967882254743927
0.18466460370920679,-32.967882254743927
0.18466460370920679,-33.218306980776674
0.183993888068191,-33.459359983933837
0.18335095447907479,-33.699798447885428
0.18335095447907479,-33.459359983933837
0.18133826421172911,-33.459359983933837
0.18133826421172911,-33.699798447885428
0.1793535275786928,-33.699798447885428
0.1793535275786928,-33.459359983933837
0.17801173168404039,-33.459359983933837
0.17801173168404039,-33.699798447885428
0.1759990414166947,-33.699798447885428
0.17532815419326889,-33.949967115916138
0.1746852206041527,-33.949967115916138
0.17401433338072689,-33.699798447885428
0.172672537486074,-33.699798447885428
0.172672537486074,-33.949967115916138
0.17200165026264841,-33.949967115916138
0.17200165026264841,-33.699798447885428
0.1706878080023051,-33.699798447885428
0.1706878080023051,-33.949967115916138
0.1693460121076524,-33.949967115916138
0.1693460121076524,-34.190149521865806
0.16800421621299949,-34.190149521865806
0.16800421621299949,-34.430331927815359
0.1673333289895737,-34.430331927815359
0.1673333289895737,-34.670514333764913
0.1673333289895737,-34.430331927815359
0.16666244176614819,-34.430331927815359
0.16666244176614819,-33.949762269514508
0.1660195081770319,-33.949762269514508
0.1660195081770319,-33.699593601483798
0.1660195081770319,-33.949762269514508
0.16534862095360589,-33.949762269514508
0.16534862095360589,-34.189944675464062
0.1646777337301801,-34.189944675464062
0.1646777337301801,-34.430127081413616
0.16400684650675451,-34.430127081413616
0.16400684650675451,-34.670309487363284
0.16400684650675451,-34.430127081413616
0.1626650506121016,-34.430127081413616
0.1626650506121016,-34.670309487363284
0.16202211702298541,-34.670309487363284
0.16202211702298541,-34.92047815539388
0.1606523674940232,-34.92047815539388
0.1606523674940232,-34.670309487363284
0.15931057874863769,-34.670309487363284
0.15931057874863769,-34.92047815539388
0.1586396915252119,-34.92047815539388
0.1586396915252119,-35.160660561343434
0.15796880430178589,-35.160660561343434
0.15796880430178589,-35.401099025295139
0.1573258707126699,-35.401099025295139
0.1573258707126699,-35.651523751327886
0.15598407481801699,-35.651523751327886
0.15598407481801699,-35.891706157277554
0.1546422789233643,-35.891706157277554
0.15397147749114329,-35.893575380693392
0.15397147749114329,-36.133757786642953
0.15198675515664159,-36.133757786642953
0.15198675515664159,-36.383926454673656
0.1513158679332158,-36.383926454673656
0.1513158679332158,-36.864496112974621
0.15064498070979021,-36.864496112974621
0.15064498070979021,-37.355103244956922
0.1493305164632103,-37.355103244956922
0.1493305164632103,-37.104934576926212
0.1493305164632103,-37.595516103108366
0.1486596292397846,-37.595516103108366
0.1486596292397846,-38.326382458440889
0.14798874201635881,-38.326382458440889
0.14798874201635881,-38.566564864390557
0.14798874201635881,-38.326382458440889
0.147317854792933,-38.326382458440889
0.147317854792933,-38.086200052491336
0.147317854792933,-38.326382458440889
0.14664696756950721,-38.326382458440889
0.14664696756950721,-38.816989590423297
0.14597608034608159,-38.816989590423297
0.14597608034608159,-39.547855945755941
0.1453051931226558,-39.547855945755941
0.1453051931226558,-40.028425604056793
0.14466225953353939,-40.028425604056793
0.14466225953353939,-40.278594272087503
0.1439913723101138,-40.278594272087503
0.1439913723101138,-40.999474365339097
0.14332048508668799,-40.999474365339097
0.14332048508668799,-41.980637417703406
0.1426495978632622,-41.980637417703406
0.1426495978632622,-42.701517510955
0.14197871063983639,-42.701517510955
0.14197871063983639,-43.192099037137154
0.1413357770507202,-43.432281443086708
0.1413357770507202,-43.922862969268863
0.14063693619298509,-43.922862969268863
0.14063693619298509,-44.413470101251278
0.1399940026038686,-44.413470101251278
0.1399940026038686,-45.865216549835402
0.13932311538044281,-45.865216549835402
0.13932311538044281,-47.567234089651151
0.13865222815701719,-47.817658815683899
0.13865222815701719,-49.269379658467869
0.13798134093359149,-49.269379658467869
0.13798134093359149,-51.221745106915591
0.137338407344475,-51.221745106915591
0.137338407344475,-53.164073081682091
0.13666752012104921,-53.414241749712687
0.13666752012104921,-54.865988198296918
0.13599663289762359,-55.116156866327628
0.13599663289762359,-56.818200011943532
0.13532574567419781,-56.818200011943532
0.13532574567419781,-58.520243157559442
0.13465485845077199,-58.760425563508988
0.13465485845077199,-60.953050235307046
0.13398397122734629,-61.193232641256721
0.13398397122734629,-64.837603761638888
0.1333130840039207,-64.837603761638888
0.1333130840039207,-68.491986749902367
0.13267015041480421,-68.732425213854071
0.13267015041480421,-71.40561954395298
0.13199926319137839,-71.65578821198369
0.13199926319137839,-74.589316712795835
0.1313283759679528,-74.829499118745389
0.1313283759679528,-77.993300580826713
0.13065748874452709,-78.23348298677638
0.13065748874452709,-82.36843563334071
0.12998660152110131,-82.608874097292414
0.12998660152110131,-90.398209732120222
0.12931571429767549,-90.638392138069776
0.12931571429767549,-97.69686141756506
0.1286727807085592,-98.177431075866025
0.1286727807085592,-102.07212449908012
0.12800189348513341,-102.3123069050298
0.12800189348513341,-105.96668989329328
0.1273310062617076,-106.20687229924285
0.1273310062617076,-110.58210977495752
0.12666011903828189,-111.07271690693996
0.12666011903828189,-115.45796625053616
0.12598923181485611,-115.69814865648584
0.12598923181485611,-121.29488522531584
0.12531834459143051,-121.7754548836166
0.12531834459143051,-126.64129949131404
0.1246472786363277,-126.891493765145
0.1246472786363277,-129.8149847922756
0.1240043450472112,-130.0554232562273
0.1240043450472112,-131.02657444071042
0.1240043450472112,-130.78639203476075
0.12333345782378539,-130.78639203476075
0.12333345782378539,-128.84406405999448
0.1226625706003599,-128.59389539196377
0.1226625706003599,-126.4012707201656
0.12199168337693379,-126.16083225621389
0.12199168337693379,-123.23734122908331
0.1213207961535081,-122.99715882313376
0.1213207961535081,-119.59307253190208
0.1206499089300825,-119.34264780586921
0.1206499089300825,-114.47682880397224
0.1199790217066567,-114.23664639802256
0.1199790217066567,-106.93786668357666
0.11933608811754021,-106.4472851573945
0.11933608811754021,-99.639112574931005
0.1186652008941147,-99.398930168981437
0.1186652008941147,-94.773370390434593
0.1179943136706889,-94.292800732133642
0.1179943136706889,-89.907551388537513
0.1173234264472631,-89.426956124436401
0.1173234264472631,-85.532288307022441
0.1166525392238373,-85.292105901072887
0.1166525392238373,-80.906856557476772
0.1159816520004117,-80.666418093525067
0.1159816520004117,-74.589137472194238
0.1153387184112955,-74.338712746161491
0.1153387184112955,-69.222571441432592
0.1146678311878695,-68.972402773401882
0.1146678311878695,-66.05889800835223
0.11399694396444369,-65.818715602402676
0.11399694396444369,-63.866375759754987
0.1133260567410181,-63.866375759754987
0.1133260567410181,-62.164332614139092
0.1126551695175923,-61.924150208189531
0.1126551695175923,-60.46239189172411
0.1119842822941667,-60.222209485774442
0.1119842822941667,-57.548989549875273
0.1113133950707407,-57.298564823842526
0.1113133950707407,-54.865655322893993
0.1106704614816245,-54.625472916944432
0.1106704614816245,-53.654296126661166
0.1099995742581987,-53.654296126661166
0.1099995742581987,-51.221386625712633
0.1093286870347729,-51.221386625712633
0.1093286870347729,-49.028736348114307
0.1086577998113471,-49.028736348114307
0.1086577998113471,-48.297869992781777
0.10798691258792149,-48.297869992781777
0.10798691258792149,-48.057687586832117
0.1073160253644958,-48.057687586832117
0.1073160253644958,-47.326795625699333
0.1066730917753793,-47.326795625699333
0.1066730917753793,-46.355644441216327
0.10600220455195369,-46.355644441216327
0.10600220455195369,-45.384467650933061
0.10533131732852789,-45.1340429249002
0.10533131732852789,-44.653473266599349
0.1046604301051024,-44.653473266599349
0.1046604301051024,-43.922581305466565
0.10398954288167631,-43.922581305466565
0.10398954288167631,-43.682398899517011
0.1033186556582506,-43.432230231486301
0.1033186556582506,-43.192047825536633
0.102647768434825,-42.951865419587079
0.102647768434825,-42.701696751556483
0.10200483484570851,-42.701696751556483
0.10200483484570851,-42.461514345606815
0.10133394762228271,-42.461514345606815
0.10133394762228271,-42.221075881655111
0.1006630603988572,-41.980893475705557
0.099992173175431395,-41.730468749672809
0.098650384430045701,-41.249899091371837
0.098007450840929405,-41.249899091371837
0.098007450840929405,-40.999730423341248
0.096665662095543697,-40.999730423341248
0.096665662095543697,-40.759548017391694
0.095994774872117897,-40.759548017391694
0.095994774872117897,-40.519109553439989
0.095323887648692096,-40.519109553439989
0.095323301408791306,-40.51844380263492
0.093338564775755195,-40.51844380263492
0.093338564775755195,-40.758882266586632
0.091996768881102295,-40.758882266586632
0.091996768881102295,-41.249463792768665
0.091325881657676494,-41.249463792768665
0.091325881657676494,-41.489646198718333
0.090654980135716795,-41.489646198718333
0.090654980135716795,-40.999064672536178
0.089984092912290994,-40.999064672536178
0.089984092912290994,-40.758882266586632
0.089341159323174699,-40.758882266586632
0.089341159323174699,-41.249463792768665
0.088670272099748898,-41.249463792768665
0.088670272099748898,-41.73003345106963
0.087328476205096095,-41.73003345106963
0.087328476205096095,-41.489851045120083
0.087328476205096095,-41.73003345106963
0.086657588981670503,-41.73003345106963
0.086657588981670503,-41.980458177102378
0.086014655392553999,-41.980458177102378
0.086014655392553999,-42.461053441203489
0.084672859497901307,-42.461053441203489
0.084672859497901307,-42.701235847153157
0.083331063603248698,-42.701235847153157
0.083331063603248698,-42.951404515183867
0.082660176379822897,-42.951404515183867
0.082660176379822897,-43.68227087051639
0.081989289156397097,-43.68227087051639
0.081989289156397097,-44.413162831649167
0.081346355567280607,-44.413162831649167
0.081346355567280607,-44.653345237598842
0.080675468343855,-44.653345237598842
0.080675468343855,-44.893527643548403
0.080004581120429297,-45.13371004949795
0.080004581120429297,-45.384134775530697
0.079333693897003496,-45.384134775530697
0.079333693897003496,-45.624317181480365
0.078662806673577695,-45.624317181480365
0.078662806673577695,-46.114924313462666
0.077991919450151895,-46.114924313462666
0.077991919450151895,-46.595493971763631
0.077348985861035599,-46.845662639794227
0.077348921517631897,-48.297665146380496
0.076677962801535202,-49.26912360046606
0.076677962801535202,-50.000015561598843
0.076007075578109706,-50.000015561598843
0.076007075578109706,-50.490597087780998
0.075336188354683697,-50.730779493730552
0.075336188354683697,-51.221386625712967
0.074665301131257897,-51.221386625712967
0.074665301131257897,-51.952252981045604
0.073994413907832304,-51.952252981045604
0.073994413907832304,-52.683119336378127
0.073323526684406504,-52.683119336378127
0.073323526684406504,-53.654296126661393
0.072680593095290194,-53.654296126661393
0.072680593095290194,-54.625472916944659
0.072009705871864504,-54.625472916944659
0.072009705871864504,-55.596624101427778
0.071338818648438704,-55.596624101427778
0.071338818648438704,-56.327490456760302
0.070667931425013097,-56.327490456760302
0.070667931425013097,-56.818097588742717
0.069997044201587102,-56.818097588742717
0.069997044201587102,-57.058279994692271
0.069326156978161496,-57.298462400641824
0.069326156978161496,-57.548887126674572
0.068683223389045298,-57.548887126674572
0.068683223389045298,-58.029456784975537
0.068012336165619497,-58.029456784975537
0.068012336165619497,-58.520063916957838
0.067341448942193502,-58.760246322907513
0.067341448942193502,-59.491112678240029
0.066670561718767896,-59.731295084189696
0.066670561718767896,-60.702471874472963
0.065999674495342095,-60.95289660050571
0.065999674495342095,-61.924073390788976
0.0653287872719166,-61.924073390788976
0.0653287872719166,-63.145521272303768
0.064685853682800096,-63.145521272303768
0.064685853682800096,-64.597267720887999
0.064014966459374295,-64.597267720887999
0.064014966459374295,-65.818741208202937
0.063344079235948494,-65.818741208202937
0.063344079235948494,-67.030202827636685
0.062673192012522694,-67.030202827636685
0.062673192012522694,-68.251650709151477
0.061974351154787603,-68.491833115101031
0.061974351154787603,-69.703294734534779
0.061331417565671398,-69.703294734534779
0.061331417565671398,-70.684483392699349
0.060660530342245597,-70.924665798648903
0.060660530342245597,-71.405235456949868
0.059989643118819998,-71.405235456949868
0.059989643118819998,-70.68438096949842
0.059318755895394003,-70.43421230146771
0.059318755895394003,-67.2704108393865
0.058647868671968403,-66.549530746134906
0.058647868671968403,-54.625242464742541
0.057976981448542603,-52.923199319126638
