E,j
0.057333861992422602,-6.6976780965977696
0.057976795581538898,-5.7165150442335744
0.057976795581538898,9.1213036080085885
0.058647682804964602,9.6018732663095516
0.058647682804964602,13.736851518674143
0.059318570028390402,13.987020186704854
0.059318570028390402,15.929348161471241
0.059989457251816203,16.179772887503987
0.059989457251816203,17.140912204105689
0.060660344475241802,17.39133693013855
0.060660344475241802,18.602772943772152
0.061331231698667797,18.602772943772152
0.061331231698667797,20.064531260237569
0.0619741652877841,20.064531260237569
0.0619741652877841,21.286004747552624
0.0626730061455191,21.286004747552624
0.0626730061455191,22.016871102885261
0.063343893368944901,22.016871102885261
0.063343893368944901,22.497466366986373
0.064014780592370493,22.747891093019007
0.064014780592370493,22.988073498968674
0.064685667815796502,23.228255904918228
0.064685667815796502,23.468438310867786
0.065328601404912506,23.718863036900643
0.065328601404912506,24.199458301001641
0.065999488628338293,24.449883027034389
0.065999488628338293,24.930452685335357
0.066670375851764302,24.930452685335357
0.066670375851764302,25.170635091284908
0.067341263075189894,25.170635091284908
0.067341263075189894,25.420803759315618
0.068012150298615695,25.420803759315618
0.068012150298615695,26.151695720448288
0.068683037522041301,26.151695720448288
0.068683037522041301,26.632265378749253
0.069325971111157694,26.882690104782
0.069996858334583495,26.882690104782
0.069996858334583495,27.122872510731668
0.070667745558009296,27.122872510731668
0.070667745558009296,27.363054916681108
0.071338632781434902,27.363054916681108
0.071338632781434902,27.603237322630889
0.072009520004860897,27.603237322630889
0.072009520004860897,27.853662048663523
0.072669740521791495,28.344064334248401
0.073312674110907999,28.594489060281266
0.073323362265204001,27.853662048663523
0.0746544700055609,29.075058718582
0.077980995383982496,29.075058718582
0.077980995383982496,28.834876312632559
0.079322791278635396,28.834876312632559
0.079322791278635396,29.325457838814717
0.079993678502060905,29.325457838814717
0.079993678502060905,29.806053102915712
0.0806645657254869,29.806053102915712
0.0806645657254869,29.565870696966162
0.081335452948912701,29.565870696966162
0.081335452948912701,29.806053102915712
0.085332879849294496,29.806053102915712
0.085332879849294496,30.046235508865379
0.0866467221096376,30.046235508865379
0.087317609333063401,29.806053102915712
0.090654994448191306,29.806053102915712
0.090654994448191306,30.046235508865379
0.092667570327263596,-31.998180348568209
0.093338586237496898,30.046235508865379
0.093338586237496898,30.296660234898127
0.094009473460922699,30.296660234898127
0.094009473460922699,30.046235508865379
0.094680360684348194,30.046235508865379
0.094680360684348194,29.806053102915712
0.095994202944691603,29.806053102915712
0.095994202944691603,30.046235508865379
0.096665090168117404,30.046235508865379
0.096665090168117404,30.296660234898127
0.097335977391543205,30.296660234898127
0.097335977391543205,30.046235508865379
0.098006864614968894,30.046235508865379
0.098006864614968894,29.806053102915712
0.098006864614968894,30.046235508865379
0.098649798204085204,30.046235508865379
0.098649798204085204,30.53681703504753
0.099320685427511005,30.53681703504753
0.099320685427511005,30.776999440997201
0.099320685427511005,30.53681703504753
0.099991572650936805,30.29663462909798
0.099991572650936805,30.046209903065236
0.1013333685455895,30.046209903065236
0.1013333685455895,30.29663462909798
0.10263662274137619,30.046209903065236
0.1026472108059328,30.29663462909798
0.1039784114867616,30.046209903065236
0.1039784114867616,30.29663462909798
0.1046492987101874,30.29663462909798
0.1046492987101874,30.53681703504753
0.1066619889775331,30.53681703504753
0.1066619889775331,30.29663462909798
0.10730492256664929,30.29663462909798
0.10730492256664929,30.046209903065236
0.10797580979007509,30.046209903065236
0.10797580979007509,29.806027497115565
0.1086466970135009,29.806027497115565
0.1086466970135009,30.046209903065236
0.1099884929081536,30.046209903065236
0.1099884929081536,30.29663462909798
0.11130232801922969,30.29663462909798
0.11130232801922969,30.53681703504753
0.11130232801922969,30.29663462909798
0.11197321524265549,30.29663462909798
0.11197321524265549,30.53681703504753
0.1159706421430373,30.53681703504753
0.1159706421430373,30.29663462909798
0.1166415293664631,30.29663462909798
0.1166415293664631,30.046209903065236
0.1173124165898886,30.046209903065236
0.1173124165898886,30.29663462909798
0.1179833038133144,30.29663462909798
0.1179833038133144,30.777204287398945
0.1186541910367402,30.777204287398945
0.1186541910367402,30.537021881449281
0.119325078260166,30.537021881449281
0.1199680118492823,30.296839475499723
0.120638899072708,30.296839475499723
0.120638899072708,30.537021881449281
0.12332248371274659,30.537021881449281
0.12332248371274659,30.777204287398945
0.12530722034578279,30.777204287398945
0.1259781075692083,30.537021881449281
0.1313173303642429,30.537021881449281
0.1313173303642429,30.777204287398945
0.13265912625889559,30.777204287398945
0.13265912625889559,31.027372955429428
0.1333024173113663,31.027219320627974
0.1333024173113663,30.777050652597381
0.13397330453479189,30.536868246647941
0.13464419175821771,30.536868246647941
0.13464419175821771,31.027449772829986
0.13531507898164369,31.027449772829986
0.13531507898164369,30.777281104799499
0.13598596620506931,30.777281104799499
0.13598596620506931,30.296711446498531
0.13598596620506931,30.536893852448198
0.1366568534284951,30.536893852448198
0.1366568534284951,30.777076258397638
0.1373277406519206,30.777076258397638
0.1373277406519206,31.027244926428352
0.13797067424103709,31.267683390380057
0.13864156146446291,31.027244926428352
0.13864156146446291,30.777076258397638
0.1393124486878887,30.777076258397638
0.1393124486878887,30.536893852448198
0.1393124486878887,30.777076258397638
0.14196807969361749,30.777076258397638
0.14196807969361749,30.536893852448198
0.14263896691704331,30.536893852448198
0.14263896691704331,30.777076258397638
0.1433098541404691,30.777076258397638
0.14398074136389469,31.027244926428352
0.14596547799693099,31.027244926428352
0.14663636522035681,30.777076258397638
0.1499908513823551,30.777076258397638
0.1499908513823551,31.027244926428352
0.15130468649343129,31.027244926428352
0.15130468649343129,31.267683390380057
0.1533173767607767,31.267683390380057
0.1533173767607767,31.027244926428352
0.15396031034989319,31.027244926428352
0.15396031034989319,30.777076258397638
0.154631197573319,30.777076258397638
0.154631197573319,30.536893852448198
0.15597299346797161,30.536893852448198
0.15597299346797161,30.777076258397638
0.1566438806913974,30.777076258397638
0.1566438806913974,31.507968219530539
0.15731476791482321,31.507968219530539
0.15731476791482321,31.748150625480093
0.15731476791482321,31.507968219530539
0.1579577015039397,31.507968219530539
0.1579577015039397,31.027372955429428
0.15997039177128511,31.027372955429428
0.15997039177128511,31.26781141938125
0.1606412789947109,31.26781141938125
0.1606412789947109,31.027372955429428
0.16131216621813649,31.027372955429428
0.16131216621813649,31.26781141938125
0.16201100707587149,31.26781141938125
0.1626542838298079,31.267324909176864
0.1626542838298079,31.507507315126531
0.16466698124642071,31.507507315126531
0.16466698124642071,31.267324909176864
0.17000619689218821,31.267324909176864
0.17000619689218821,31.507507315126531
0.17132003915253149,31.507507315126531
0.17132003915253149,31.267324909176864
0.17199092637595709,31.267324909176864
0.17199092637595709,31.026886445225159
0.1726618135993831,31.026886445225159
0.1726618135993831,31.267324909176864
0.17333270082280891,31.267324909176864
0.17333270082280891,31.747894567477829
0.1740035880462345,31.747894567477829
0.1740035880462345,31.507712161528275
0.17467447526966029,31.507712161528275
0.17467447526966029,31.267529755578607
0.1753174088587767,31.267529755578607
0.1753174088587767,31.027091291626903
0.1753174088587767,31.507686555728011
0.17598829608220229,31.507686555728011
0.17598829608220229,31.998268081910052
0.1766591833056281,31.998268081910052
0.1766591833056281,31.748099413879569
0.17733007052905389,31.748099413879569
0.17733007052905389,31.507917007930018
0.1780009577524797,31.507917007930018
0.1780009577524797,31.267734601980351
0.17867184497590519,31.267734601980351
0.17867184497590519,31.507917007930018
0.1813274831309013,31.507917007930018
0.1813274831309013,31.748099413879569
0.18465400850932329,31.748099413879569
0.18465400850932329,31.507917007930018
0.1886514425589722,31.507917007930018
0.1886514425589722,31.748099413879569
0.18932232978239799,31.748099413879569
0.18932232978239799,31.998268081910052
0.1920059144224362,31.998268081910052
0.1920059144224362,31.748099413879569
0.19332004980272979,31.747459268873968
0.19332004980272979,31.507276862924527
0.19399093702615561,31.507276862924527
0.19399093702615561,31.26709445697486
0.19466182424958139,31.26709445697486
0.19466182424958139,31.747664115275825
0.19533271147300721,31.747664115275825
0.19533271147300721,31.997832783306421
0.196003598696433,32.238015189255975
0.19664653228554951,31.997832783306421
0.19664653228554951,31.747664115275825
0.1979883281802019,31.747664115275825
0.1979883281802019,31.997832783306421
0.19933011692558761,31.997832783306421
0.19933011692558761,31.747664115275825
0.20000100414901339,31.747664115275825
0.20000100414901339,31.997832783306421
0.20198574078204951,31.997832783306421
0.20198574078204951,32.238015189255975
0.20198574078204951,31.997832783306421
0.20332753667670239,31.997832783306421
0.20332753667670239,31.747664115275825
0.20399842390012801,31.747664115275825
0.20399842390012801,31.997832783306421
0.2053122661604713,31.997832783306421
0.2053122661604713,31.747664115275825
0.2079958508005097,31.747664115275825
0.2079958508005097,31.997832783306421
0.20930969306085309,31.997832783306421
0.20930969306085309,32.238015189255975
0.2099805802842791,32.238015189255975
0.2099805802842791,31.997832783306421
0.21065146750770489,31.997832783306421
0.21065146750770489,31.747664115275825
0.2113223547311304,31.747664115275825
0.2113223547311304,31.997832783306421
0.21199324195455599,31.997832783306421
0.21199324195455599,32.238015189255975
0.212664129177982,32.238015189255975
0.212664129177982,31.997832783306421
0.21330706276709829,31.997832783306421
0.21330706276709829,31.747664115275825
0.21397794999052411,31.747664115275825
0.21397794999052411,31.507481709326271
0.21397794999052411,31.747664115275825
0.21464883721394959,31.747664115275825
0.21464883721394959,32.238245641457979
0.2153197244373754,32.238245641457979
0.2153197244373754,32.478428047407533
0.2153197244373754,32.238245641457979
0.21599061166080119,31.998063235508312
0.21599061166080119,31.747894567477829
0.2173324004061869,31.747894567477829
0.2173324004061869,31.998063235508312
0.21864624266653029,31.998063235508312
0.21864624266653029,31.747894567477829
0.2206589329338757,31.747894567477829
0.2206589329338757,31.998063235508312
0.2219727751942191,31.998063235508312
0.2219727751942191,31.747894567477829
0.22331488565662361,31.7473824514733
0.22398577288004959,31.507200045523859
0.2279831997804313,31.507200045523859
0.2279831997804313,31.7473824514733
0.22932499567508399,31.7473824514733
0.22999588289850981,31.507200045523859
0.23198061953154611,31.507200045523859
0.23198061953154611,31.267017639574192
0.2326515067549717,31.267017639574192
0.2326515067549717,31.026579175622487
0.23332239397839721,31.026579175622487
0.23332239397839721,31.267017639574192
0.23399328120182319,31.507200045523859
0.23399328120182319,31.7473824514733
0.23466416842524901,31.7473824514733
0.23466416842524901,31.266812793172331
0.2353071020143653,31.266812793172331
0.2353071020143653,31.026374329220744
0.23597798923779109,31.026374329220744
0.23597798923779109,31.266812793172331
0.2379906866544037,31.266812793172331
0.2379906866544037,31.026374329220744
0.23997542328744001,31.026374329220744
0.23997542328744001,31.266812793172331
0.2413172120328255,31.266812793172331
0.2413172120328255,31.026374329220744
0.24198809925625131,31.026374329220744
0.24198809925625131,30.776205661190037
0.24464373026198011,30.776205661190037
0.24464373026198011,30.53602325524048
0.24531461748540589,30.53602325524048
0.24531461748540589,30.776205661190037
0.24732731490201851,30.776205661190037
0.24732731490201851,31.026374329220744
0.2479702484911348,31.026374329220744
0.24864113571456059,30.776205661190037
0.24864113571456059,30.53602325524048
0.24931202293798629,30.53602325524048
0.24931202293798629,30.295840849290929
0.25065381168337209,30.295840849290929
0.25065381168337209,30.776410507591777
0.25132469890679759,30.776410507591777
0.25132469890679759,30.295840849290929
0.25196763249591408,30.295840849290929
0.25196763249591408,30.045416123258065
0.25263880569002301,30.044955218854057
0.25263880569002301,30.535536745036325
0.25330969291344879,30.775719150985879
0.2539805801368748,30.775719150985879
0.2539805801368748,30.535536745036325
0.25465146736030042,30.535536745036325
0.25465146736030042,30.295354339086771
0.25532235458372599,30.295354339086771
0.25532235458372599,30.04492961305391
0.25532235458372599,30.295354339086771
0.25864888711141498,30.295354339086771
0.25864888711141498,30.04492961305391
0.25931977433484071,30.04492961305391
0.25931977433484071,30.295354339086771
0.2599627079239572,30.295354339086771
0.2599627079239572,30.535536745036325
0.26066154878169251,30.535536745036325
0.26066154878169251,30.295354339086771
0.26200334467634501,30.295354339086771
0.26200334467634501,30.04492961305391
0.26667166594941971,30.04492961305391
0.26667166594941971,30.295354339086771
0.26932730410441569,30.295354339086771
0.26932730410441569,30.04492961305391
0.2699981913278417,30.04492961305391
0.27066907855126732,29.804747207104359
0.27066907855126732,29.564564801154688
0.27198292081161068,29.564564801154688
0.27198292081161068,29.804747207104359
0.27265380803503642,30.04492961305391
0.27265380803503642,30.295354339086771
0.27332469525846198,30.295354339086771
0.27332469525846198,30.04492961305391
0.2739955824818876,30.04492961305391
0.2739955824818876,29.804747207104359
0.2760082727492334,29.804747207104359
0.2760082727492334,29.564564801154688
0.27933480527692239,29.564564801154688
0.27933480527692239,29.073957669172501
0.28000569250034818,29.073957669172501
0.28000569250034818,28.833775263222837
0.2806486260894645,28.593592857273279
0.28199041483485021,28.593592857273279
0.28266159517822581,28.592440596263373
0.28266159517822581,28.342015870230512
0.2833324824016516,28.342015870230512
0.28400336962507738,28.101833464280961
0.28531720473615357,28.101833464280961
0.28531720473615357,27.861651058331404
0.2873298950034992,27.861651058331404
0.2873298950034992,27.611226332298543
0.28800078222692521,27.371043926348989
0.28800078222692521,27.130861520399321
0.28800078222692521,27.371043926348989
0.2899855188599611,27.371043926348989
0.2899855188599611,27.130861520399321
0.29065640608338689,26.890679114449767
0.29065640608338689,26.640254388417134
0.29132729330681267,26.640254388417134
0.29132729330681267,26.890679114449767
0.29199818053023852,26.890679114449767
0.29199818053023852,27.130861520399321
0.2926690677536643,27.130861520399321
0.2926690677536643,26.890679114449767
0.29331200134278029,26.890679114449767
0.29331200134278029,26.640254388417134
0.2953246916101262,26.640254388417134
0.2953246916101262,26.400071982467463
0.29599557883355171,26.400071982467463
0.29599557883355171,26.159889576517912
0.2966664660569775,26.159889576517912
0.2966664660569775,25.909720908487198
0.29798030831732109,25.909720908487198
0.29798030831732109,26.159889576517912
0.29798030831732109,25.909720908487198
0.29932210421197358,25.909720908487198
0.29932210421197358,25.669282444535497
0.30066390010662669,25.669282444535497
0.30066390010662669,25.429100038585943
0.30197773521770288,25.429100038585943
0.30197773521770288,25.178931370555347
0.30466132700700838,25.178931370555347
0.30466132700700838,24.938748964605796
0.30664606364004432,24.938748964605796
0.30664606364004432,24.698566558656125
0.30731695086347027,24.698566558656125
0.30731695086347027,24.458384152706572
0.30865874675812299,24.458384152706572
0.30932963398154878,24.207959426673824
0.30932963398154878,23.96777702072416
0.30997256757066499,23.96777702072416
0.30997256757066499,23.727594614774603
0.30997256757066499,23.96777702072416
0.31064345479409078,23.96777702072416
0.31064345479409078,24.207959426673824
0.31198525068874372,24.207959426673824
0.31198560815209753,23.965549316105356
0.31265649537552331,23.965549316105356
0.31265649537552331,23.725366910155685
0.31397033763586668,23.725366910155685
0.31397033763586668,23.474942184123051
0.31464122485929219,23.474942184123051
0.31531211208271798,23.234759778173498
0.31598299930614399,23.234759778173498
0.31598299930614399,22.99457737222383
0.31863863031187267,22.99457737222383
0.31863863031187267,22.503995846041558
0.3193095175352984,22.503995846041558
0.3193095175352984,22.263813440092008
0.32065131342995129,22.263813440092008
0.32132220065337708,22.023631034142451
0.3226360429137205,22.023631034142451
0.3226360429137205,21.773206308109597
0.32330693013714629,21.773206308109597
0.32330693013714629,21.533023902160039
0.32397781736057207,21.533023902160039
0.32397781736057207,21.292841496210372
0.3259905076279177,21.292841496210372
0.3259905076279177,21.042416770177734
0.32666139485134349,20.802234364228184
0.32666139485134349,20.56205195827852
0.32730432844045948,20.56205195827852
0.32797521566388549,20.802234364228184
0.32797521566388549,20.56205195827852
0.32864610288731111,20.56205195827852
0.32864610288731111,20.071470432096248
0.3306587931546569,20.071470432096248
0.3306587931546569,20.321895158129109
0.33130172674377301,20.321895158129109
0.33130172674377301,19.831313631946841
0.33197261396719879,19.831313631946841
0.33197261396719879,19.591131225997287
0.33264350119062458,19.591131225997287
0.33264350119062458,19.340962557966577
0.33331438841405031,19.340962557966577
0.3339852756374761,19.100780152017137
0.3339852756374761,18.860341688065432
0.33529911074855229,18.860341688065432
0.33529911074855229,18.610173020034718
0.33731180816516509,18.610173020034718
0.33731180816516509,18.369990614085168
0.33798269538859071,18.129808208135501
0.33798269538859071,17.889625802185947
0.3393244912832436,17.889625802185947
0.3393244912832436,17.639201076153086
0.33996742487235981,17.639201076153086
0.33996742487235981,17.399018670203532
0.3406383120957856,17.399018670203532
0.34130919931921122,17.148593944170898
0.34198008654263701,16.90841153822123
0.3426513455279509,16.905441265396234
0.3426513455279509,16.665258859446567
0.34399313427333639,16.665258859446567
0.34399313427333639,16.425076453497013
0.34530697653367998,16.425076453497013
0.34530697653367998,16.184894047547459
0.34597786375710582,15.934469321514598
0.34597786375710582,15.694286915565158
0.34731965965175848,15.694286915565158
0.34731965965175848,15.443862189532297
0.34799054687518421,15.443862189532297
0.34799054687518421,15.203679783582745
0.3486334804643007,15.203679783582745
0.3486334804643007,14.963497377633187
0.35064617073164611,14.963497377633187
0.35064617073164611,14.472915851450921
0.3513170579550719,14.472915851450921
0.3513170579550719,14.232733445501252
0.35265885384972462,14.232733445501252
0.35265885384972462,13.992551039551699
0.35330178743884089,13.992551039551699
0.35330178743884089,13.742382371521217
0.35397267466226667,13.742382371521217
0.35397267466226667,13.501943907569398
0.35531446340765238,13.501943907569398
0.35531446340765238,13.261761501619844
0.35598535063107811,13.261761501619844
0.35598535063107811,13.011592833589134
0.3572991857421543,13.011592833589134
0.3572991857421543,12.77141042763958
0.35864098163680719,12.77141042763958
0.35864098163680719,12.531228021690026
0.35931186886023297,12.531228021690026
0.35931186886023297,12.29104561574036
0.35998275608365859,12.29104561574036
0.35998275608365859,12.040620889707723
0.36129659834400218,12.040620889707723
0.36129659834400218,11.800438483758056
0.36333724224565711,11.800438483758056
0.36333724224565711,11.560256077808504
0.36398017583477338,11.560256077808504
0.36398017583477338,11.309831351775642
0.36465106305819889,11.309831351775642
0.36465106305819889,11.069648945826088
0.36532195028162467,11.069648945826088
0.36532195028162467,10.829466539876536
0.36666374617627762,10.829466539876536
0.36733463339970318,10.579041813843672
0.36931937003273951,10.579041813843672
0.36931937003273951,10.338859407894232
0.3699902572561653,10.338859407894232
0.3699902572561653,10.098677001944452
0.37066114447959109,9.8584945959950119
0.3720029403742437,9.8584945959950119
0.37264618853111181,9.8563949203770562
0.37264618853111181,9.6059701943444225
0.37331707575453738,9.6059701943444225
0.373987962977963,9.3657877883947567
0.37465885020138878,9.3657877883947567
0.37532973742481479,9.1256053824451993
0.3766435796851581,9.1256053824451993
0.3766435796851581,8.8751806564124536
0.37798537557981082,8.8751806564124536
0.37798537557981082,8.634998250462786
0.37932717147446349,8.634998250462786
0.37932717147446349,8.3948158445132322
0.38198280248019251,8.3948158445132322
0.38198280248019251,8.1443911184804847
0.38265368970361852,8.1443911184804847
0.38265368970361852,8.3948158445132322
0.38332457692704408,8.3948158445132322
0.38332457692704408,8.1443911184804847
0.38466636567242979,8.1443911184804847
0.38466636567242979,7.9042087125309308
0.38530929926154589,7.9042087125309308
0.38598018648497168,7.664026306581377
0.38665107370839741,7.664026306581377
0.38665107370839741,7.4238439006317094
0.3886358174907007,7.4238439006317094
0.3886358174907007,7.1736752326011128
0.38933465834843578,7.1736752326011128
0.38933465834843578,6.9334928266514453
0.3899775919375521,6.9334928266514453
0.3899775919375521,7.1736752326011128
0.39064847916097789,7.1736752326011128
0.39064847916097789,7.4238439006317094
0.3919902679063636,7.4238439006317094
0.3919902679063636,7.1736752326011128
0.39330411016670691,7.1736752326011128
0.39330411016670691,6.9334928266514453
0.3953168004340526,6.9334928266514453
0.3953168004340526,6.6930543626997405
0.39598768765747838,6.6930543626997405
0.39598768765747838,6.4428856946690303
0.39665857488090389,6.4428856946690303
0.39665857488090389,6.6930543626997405
0.39797241714124731,6.6930543626997405
0.39797241714124731,6.4428856946690303
0.39998510740859289,6.4428856946690303
0.39998510740859289,6.2027032887195901
0.40065599463201867,6.2027032887195901
0.40065599463201867,6.4428856946690303
0.4019698368923621,6.4428856946690303
0.4033118544142944,6.4419126742607205
0.4033118544142944,6.2017302683111666
0.40398274163772019,6.2017302683111666
0.40398274163772019,5.9615478623617264
0.4046536288611457,5.9615478623617264
0.4046536288611457,6.2017302683111666
0.40532451608457148,6.2017302683111666
0.40532451608457148,5.9615478623617264
0.4086510414629933,5.9615478623617264
0.40932192868641892,5.7213654564119452
0.40999281590984488,5.7213654564119452
0.40999281590984488,5.4709407303793114
0.40999281590984488,5.7213654564119452
0.41331934843753371,5.7213654564119452
0.41331934843753371,5.4709407303793114
0.41331934843753371,5.7213654564119452
0.41466114433218659,5.7213654564119452
0.41466114433218659,5.4709407303793114
0.41865857123256828,5.4709407303793114
0.41865857123256828,5.2307583244296438
0.4193015048216846,5.2307583244296438
0.4193015048216846,5.4709407303793114
0.4213141950890304,5.4709407303793114
0.4213141950890304,5.2307583244296438
0.42531162913867909,5.2307583244296438
0.42531162913867909,4.99057591848009
0.42863815451710091,4.99057591848009
0.42863815451710091,4.7401511924473434
0.42930904174052648,4.7401511924473434
0.42930904174052648,4.99057591848009
0.43199262638056513,4.99057591848009
0.43199279796297491,4.7396902880434482
0.4326357315520914,4.7396902880434482
0.4326357315520914,4.9901150140761956
0.43397752029747688,4.9901150140761956
0.43397752029747688,4.7396902880434482
0.43663315845247291,4.7396902880434482
0.43663315845247291,4.4995078820937806
0.4386458487198186,4.4995078820937806
0.4386458487198186,4.7396902880434482
0.43931673594324439,4.7396902880434482
0.43931673594324439,4.4995078820937806
0.4406305782035877,4.4995078820937806
0.4406305782035877,4.7396902880434482
0.44130146542701348,4.7396902880434482
0.44197235265043933,4.4995078820937806
0.4446559372904777,4.4995078820937806
0.4446559372904777,4.2593254761442267
0.44529887087959391,4.2593254761442267
0.4459697581030197,4.4995078820937806
0.44664064532644532,4.4995078820937806
0.44664064532644532,4.2593254761442267
0.44996717785413431,4.2593254761442267
0.44996717785413431,4.0089007501114793
0.4506380650775601,4.0089007501114793
0.4506380650775601,4.2593254761442267
0.45329370323255608,4.2593254761442267
0.45396459045598209,4.0089007501114793
0.4613165035183619,4.0089007501114793
0.4613165035183619,3.768718344161925
0.46198739074178768,3.768718344161925
0.46400097466751927,3.7685391035603288
0.46400097466751927,3.528356697610775
0.46467186189094489,3.528356697610775
0.46467186189094489,3.7685391035603288
0.46598571844982239,3.7685391035603288
0.46598571844982239,3.528356697610775
0.47199582131901557,3.528356697610775
0.47199582131901557,3.2881742916612211
0.47266642257175778,3.2881742916612211
0.47266642257175778,3.528356697610775
0.47532208932382208,3.528356697610775
0.47532208932382208,3.2881742916612211
0.48264601300555759,3.2881742916612211
0.48264601300555759,3.03774956562836
0.48398778745240878,3.03774956562836
0.48398778745240878,3.2881742916612211
0.48532963339193119,3.2881742916612211
0.48532963339193119,3.03774956562836
0.48667140783878282,3.03774956562836
0.48667140783878282,3.2881742916612211
0.48731412694988641,3.2881742916612211
0.48731412694988641,3.03774956562836
0.49066863455968618,3.03774956562836
0.49066863455968618,3.2881742916612211
0.49133923581242839,3.2881742916612211
0.49133923581242839,3.03774956562836
0.49198453580895052,3.0375447192266165
0.49198453580895052,2.7973623132770622
0.49265513706169251,2.7973623132770622
0.49265513706169251,3.0375447192266165
0.50266268112980184,3.0375447192266165
0.50266268112980184,2.7973623132770622
0.50330540024090564,2.7973623132770622
0.50330540024090564,3.0375447192266165
0.50598902062727924,3.0375447192266165
0.50665962188002167,2.7973623132770622
0.50998617585551198,2.7973623132770622
0.50998617585551198,3.0375447192266165
0.51065677710825397,3.0375447192266165
0.51065677710825397,2.7973623132770622
0.51398333108374428,2.7973623132770622
0.51398333108374428,2.5571799073273951
0.51398333108374428,2.7973623132770622
0.51532510553059563,2.7973623132770622
0.51532510553059563,3.0375447192266165
0.51599570678333806,3.0375447192266165
0.51599570678333806,2.7973623132770622
0.5206640352056795,2.7973623132770622
0.5206640352056795,3.0375447192266165
0.52130675431678331,3.0375447192266165
0.52130675431678331,2.7973623132770622
0.52399437829272566,2.7973623132770622
0.52399437829272566,3.0375447192266165
0.52664997355211929,3.0375447192266165
0.52664997355211929,2.7973623132770622
0.52933359393849311,2.7973623132770622
0.52933359393849311,3.0375447192266165
0.53064741475103516,3.0375447192266165
0.53064741475103516,2.7973623132770622
0.53131801600377737,2.7973623132770622
0.5319886172565198,3.0375447192266165
0.53265921850926179,3.0375447192266165
0.53265921850926179,2.7973623132770622
0.53397311081447496,2.7973623132770622
0.53397311081447496,3.0375447192266165
0.54199587535394533,3.0375447192266165
0.54199587535394533,3.2879694452594777
0.54465154210600963,3.2879694452594777
0.54465154210600963,3.0375447192266165
0.54532214335875207,3.0375447192266165
0.54532214335875207,3.2879694452594777
0.54864869733424237,3.2879694452594777
0.54864869733424237,3.5281518512090315
0.54931929858698436,3.5281518512090315
0.54996201769808817,3.2879694452594777
0.550660501092469,3.2879694452594777
0.550660501092469,3.5281518512090315
0.55130322020357281,3.5281518512090315
0.55597569520082479,3.5286383614131864
0.55597569520082479,3.7688207673627399
0.55865931558719861,3.7688207673627399
0.55865931558719861,4.0090031733124079
0.55932991683994082,4.0090031733124079
0.55997263595104463,3.7688207673627399
0.56064323720378684,3.7688207673627399
0.56064323720378684,4.0090031733124079
0.56466863203701223,4.0090031733124079
0.56466863203701223,4.2594278993450416
0.56601040648386358,4.2594278993450416
0.56601040648386358,4.4996103052947092
0.56668100773660601,4.4996103052945964
0.56668100773660601,4.2594278993449279
0.56732372684770982,4.2594278993449279
0.56732372684770982,4.4996103052945964
0.57266294249347705,4.4996103052945964
0.57266294249347705,4.7397927112441494
0.57534649138717997,4.7397927112441494
0.5760170926399224,4.9902174372770105
0.57733098494513535,4.9902174372770105
0.57733098494513535,5.2303998432265644
0.58065746742795454,5.2303998432265644
0.58065746742795454,5.4705822491761182
0.58132806868069675,5.4705822491761182
0.58267313179040814,5.4716320869852098
0.58334373304315057,5.7220568130179572
0.58465755385569262,5.7220568130179572
0.58465755385569262,5.9622392189676248
0.58667021552596976,5.9622392189676248
0.58667021552596976,6.2024216249171786
0.58734153170542069,6.4426040308667325
0.5899971269648141,6.4426040308667325
0.5899971269648141,6.6927726988974428
0.59066772821755653,6.6927726988974428
0.59066772821755653,6.4426040308667325
0.59133832947029874,6.4426040308667325
0.59133832947029874,6.6927726988974428
0.59268017540982143,6.6927726988974428
0.59268017540982143,6.9332111628490338
0.59399399622236304,6.9332111628490338
0.59399399622236304,7.1733935687987014
0.59667761660873708,7.1733935687987014
0.59667761660873708,7.4235622368292979
0.59734821786147951,7.4235622368292979
0.59734821786147951,7.9041318951302628
0.59933292589744713,7.9041318951302628
0.60000352715018956,8.1443143010798167
0.6019883066788283,8.1443143010798167
0.6019883066788283,8.3947390271124505
0.60333008112567943,8.3947390271124505
0.60333008112567943,8.634921433062118
0.60467185557253122,8.634921433062118
0.60467185557253122,8.8751038390116719
0.60601363001938258,8.8751038390116719
0.60601363001938258,9.1255285650445312
0.60665634913048638,9.1255285650445312
0.60665634913048638,9.3657109709940887
0.60866908229343464,9.3657109709940887
0.60866908229343464,9.6058933769436408
0.61001085674028577,9.6058933769436408
0.61001085674028577,9.8563181029765019
0.61132467755282804,9.8563181029765019
0.61132467755282804,10.096500508925942
0.61199949687315147,10.098395338142268
0.61199949687315147,10.338577744091936
0.6133412713200026,10.338577744091936
0.6133412713200026,10.578760150041489
0.61398399043110663,10.578760150041489
0.61398399043110663,10.829184876074351
0.61532576487795798,10.829184876074351
0.61532576487795798,11.069367282023904
0.61733849804090601,11.069367282023904
0.61733849804090601,11.309549687973345
0.61800909929364867,11.309549687973345
0.61800909929364867,11.800131214155613
0.61932292010619028,11.800131214155613
0.61932292010619028,12.040313620105168
0.62133558177646786,12.040313620105168
0.62200618302920985,12.290738346138028
0.62200618302920985,12.530920752087582
0.62264890214031365,12.530920752087582
0.62264890214031365,12.771103158037249
0.6253324510340168,12.771103158037249
0.6253324510340168,13.011285563986805
0.62600305228675879,13.261454232017286
0.62798783181539775,13.261454232017286
0.62798783181539775,13.742049496118398
0.62865843306813995,13.742049496118398
0.62865843306813995,13.992218164149108
0.63000020751499131,13.992218164149108
0.63000020751499131,14.232400570098662
0.63131409982020448,14.232400570098662
0.63131409982020448,14.472582976048102
0.63198470107294669,14.472582976048102
0.63198470107294669,14.723007702080965
0.6326553023256889,14.723007702080965
0.6326553023256889,14.963190108030515
0.63332590357843133,14.963190108030515
0.63332590357843133,15.203372513980185
0.63531061161439895,15.203372513980185
0.63531061161439895,15.443554919929738
0.63598192779384988,15.443554919929738
0.63598192779384988,15.693979645962486
0.63799458946412724,15.693979645962486
0.63799458946412724,15.934162051912152
0.63866519071686945,15.934162051912152
0.63866519071686945,16.184586777944787
0.63930790982797325,16.184586777944787
0.63997851108071546,16.424769183894455
0.64064982726016639,16.424769183894455
0.64064982726016639,16.905338842195306
0.64331107044055846,16.906619132206401
0.64331107044055846,17.146801538155842
0.64398167169330067,17.146801538155842
0.6446522729460431,17.397226264188703
0.64532287419878509,17.397226264188703
0.64532287419878509,17.637408670138257
0.64599419037823624,17.637408670138257
0.64599419037823624,17.887833396171004
0.6473359648250876,17.887833396171004
0.6473359648250876,18.128015802120672
0.6479786839361914,18.128015802120672
0.6479786839361914,18.368198208070226
0.64999134560646876,18.368198208070226
0.64999134560646876,18.608380614019893
0.64999134560646876,18.368198208070226
0.65133319154599101,18.368198208070226
0.65133319154599101,18.608380614019893
0.65197591065709459,18.608380614019893
0.65197591065709459,18.858549282050376
0.65264651190983702,19.098987746002081
0.65264651190983702,19.829854101334831
0.65331711316257945,19.829854101334831
0.65331711316257945,20.070036507284385
0.65398771441532166,20.070036507284385
0.65398771441532166,19.829854101334831
0.65530153522786372,19.829854101334831
0.65530153522786372,19.589671695385281
0.65731426839081197,19.589671695385281
0.65731426839081197,20.070241353686129
0.65798486964355396,20.32066607971888
0.65798486964355396,20.801261343819878
0.65865547089629639,20.801261343819878
0.65865547089629639,20.56107893787032
0.65996929170883845,20.56107893787032
0.65996929170883845,20.801261343819878
0.66133909128267021,20.801261343819878
0.66133909128267021,21.041443749769542
0.66200969253541242,21.041443749769542
0.66200969253541242,20.801261343819878
0.66335146698226377,20.801261343819878
0.66335146698226377,21.532127699152625
0.66399418609336758,21.532127699152625
0.66399418609336758,22.262994054485372
0.66533603203289005,22.262994054485372
0.66533603203289005,22.022811648535708
0.66600663328563248,22.022811648535708
0.66600663328563248,21.77238692250296
0.66734840773248361,21.77238692250296
0.66734840773248361,22.022811648535708
0.66866222854502588,22.022811648535708
0.66866222854502588,22.262994054485372
0.66933282979776809,22.262994054485372
0.66933282979776809,22.503176460434812
0.67134556296071635,22.503176460434812
0.67134556296071635,22.753601186467563
0.67135485700793063,22.99398843881897
0.67202545826067284,22.99398843881897
0.67202545826067284,23.234170844768528
0.67266817737177642,22.99398843881897
0.67333877862451863,22.99398843881897
0.67333877862451863,22.753806032869303
0.67400937987726084,22.753806032869303
0.67400937987726084,22.99398843881897
0.67467998113000305,22.99398843881897
0.67535129730945398,23.234170844768528
0.67535129730945398,23.474353250718082
0.67602189856219619,23.474353250718082
0.67602189856219619,23.724777976750943
0.6766924998149384,23.724777976750943
0.6766924998149384,24.205373240851941
0.67733521892604198,24.205373240851941
0.67733521892604198,24.455797966884688
0.67733521892604198,24.205373240851941
0.67800582017878419,24.205373240851941
0.67800582017878419,23.965190834902277
0.6786764214315264,23.965190834902277
0.6786764214315264,24.205373240851941
0.68001819587837797,24.205373240851941
0.68001819587837797,24.455797966884688
0.68200297540701649,24.455797966884688
0.68200297540701649,24.695980372834359
0.68334474985386828,24.695980372834359
0.68334474985386828,24.93616277878391
0.68401535110661027,24.93616277878391
0.68401535110661027,24.695980372834359
0.68468595235935248,24.695980372834359
0.68468595235935248,24.455797966884688
0.68532867147045606,24.455797966884688
0.68532867147045606,24.936367625185653
0.68599927272319827,24.936367625185653
0.68599927272319827,25.667233980518176
0.68734104717004985,25.667233980518176
0.68734104717004985,25.427051574568736
0.68935370884032721,25.427051574568736
0.68935370884032721,25.667233980518176
0.68999642795143101,25.667233980518176
0.68999642795143101,25.907672444470109
0.690667029204173,25.907672444470109
0.690667029204173,26.157841112500591
0.69200880365102457,26.157841112500591
0.69200880365102457,25.907672444470109
0.69335057809787615,25.907672444470109
0.69399329720897973,26.157841112500591
0.69466389846172194,26.157841112500591
0.69466389846172194,25.907672444470109
0.69600574440124419,25.907672444470109
0.69600574440124419,26.157841112500591
0.6966763456539864,26.157841112500591
0.6966763456539864,26.398023518450259
0.69734694690672883,26.398023518450259
0.69801754815947081,26.157841112500591
0.69801754815947081,26.398023518450259
0.69866026727057462,26.398023518450259
0.69866026727057462,26.888605044632413
0.69933086852331683,26.888605044632413
0.69933086852331683,27.128787450582081
0.70000218470276754,27.128787450582081
0.70000218470276754,26.888605044632413
0.70067278595550953,26.888605044632413
0.70266793192142685,26.888656256232931
0.70266793192142685,27.369225914533786
0.70333853317416928,27.369225914533786
0.70400913442691171,27.129043508584232
0.70535098036643418,27.129043508584232
0.70535098036643418,27.369225914533786
0.70800657562582758,27.369225914533786
0.70800657562582758,27.129043508584232
0.70867717687857001,27.129043508584232
0.709347778131312,27.369225914533786
0.709347778131312,27.60940832048334
0.71001909431076293,27.60940832048334
0.71001909431076293,28.100015452465641
0.71066181342186652,28.100015452465641
0.71066181342186652,28.340197858415308
0.7113324146746085,28.340197858415308
0.7113324146746085,28.100015452465641
0.71200301592735116,28.100015452465641
0.71200301592735116,27.60940832048334
0.71267361718009314,27.60940832048334
0.71267361718009314,27.859833046516087
0.71334421843283513,27.859833046516087
0.71334421843283513,28.100015452465641
0.71401481968557712,27.859833046516087
0.71535666562509981,27.859833046516087
0.71535666562509981,28.100015452465641
0.71599938473620339,28.340197858415308
0.71599938473620339,28.590622584448056
0.7166699859889456,28.590622584448056
0.7166699859889456,28.100041058265788
0.71868264765922296,28.100041058265788
0.71868264765922296,27.859858652316237
0.71932536677032655,27.859858652316237
0.71932536677032655,27.6094339262836
0.72002385016470738,27.6094339262836
0.72002385016470738,27.859858652316237
0.72066656927581141,27.859858652316237
0.72066656927581141,28.590725007648985
0.72133717052855362,28.590725007648985
0.72133717052855362,29.071294665949839
0.7220077717812956,29.071294665949839
0.7220077717812956,28.831112260000278
0.72267837303403759,28.831112260000278
0.72267837303403759,28.590929854050728
0.72399219384657987,28.590929854050728
0.72399219384657987,28.340505128017867
0.7246635100260308,28.340505128017867
0.7246635100260308,28.590929854050728
0.72798999250884999,28.590929854050728
0.72798999250884999,28.831112260000278
0.73000272567179847,28.831112260000278
0.73000272567179847,28.590929854050728
0.73067332692454068,28.590929854050728
0.73067332692454068,28.340505128017867
0.73199715671100707,28.340069829414237
0.73199715671100707,28.830651355596501
0.73266775796374906,28.830651355596501
0.73266775796374906,29.311221013897462
0.73333835921649104,29.311221013897462
0.73333835921649104,29.071038607947798
0.73400967539594197,29.071038607947798
0.73400967539594197,28.830856201998245
0.73468027664868396,28.830856201998245
0.73468027664868396,29.311425860299096
0.73535087790142617,29.311425860299096
0.7360214791541686,29.071243454349545
0.7360214791541686,28.831061048399988
0.73666419826527219,28.831061048399988
0.73666419826527219,29.071243454349545
0.739347818651646,29.071243454349545
0.74001841990438821,29.311425860299096
0.74068902115713064,29.311425860299096
0.74068902115713064,29.071243454349545
0.74334461641652405,29.071243454349545
0.74334461641652405,29.56185058633196
0.74401593259597498,29.56185058633196
0.74401593259597498,29.802032992281511
0.74468653384871697,29.802032992281511
0.74468653384871697,29.56185058633196
0.74801301633153661,29.56185058633196
0.74801301633153661,29.802032992281511
0.74868433251098754,29.802032992281511
0.74868433251098754,30.042215398231178
0.74932705162209112,30.042215398231178
0.74932705162209112,29.802032992281511
0.74999765287483311,29.802032992281511
0.74999765287483311,29.56185058633196
0.75066825412757532,29.56185058633196
0.75066825412757532,29.802032992281511
0.75133885538031775,29.802032992281511
0.75133885538031775,30.042215398231178
0.75200945663306018,30.042215398231178
0.75200945663306018,29.802032992281511
0.75268005788580217,29.56185058633196
0.75268005788580217,29.071243454349545
0.75335065913854415,29.071243454349545
0.75335065913854415,30.042420244632918
0.75399337824964818,30.292844970665559
0.75399337824964818,31.264021760948932
0.75466397950239017,31.264021760948932
0.75466397950239017,31.504204166898489
0.75466397950239017,31.264021760948932
0.75533458075513238,31.264021760948932
0.75533458075513238,30.77341462896652
0.75600518200787437,30.77341462896652
0.75600518200787437,30.533232223016853
0.7566757832606168,30.533232223016853
0.7566757832606168,30.77341462896652
0.75798960407315907,30.77341462896652
0.75798960407315907,31.023583296997121
0.75933145001268132,31.023583296997121
0.75933145001268132,31.264021760948932
0.76000205126542375,31.264021760948932
0.76070053465980458,31.504204166898489
0.76138414757864847,31.504921129304648
0.76205474883139046,31.745103535254199
0.76336864113660341,31.745103535254199
0.76336864113660341,31.504921129304648
0.76403924238934584,31.504921129304648
0.76403924238934584,31.745103535254199
0.76470984364208827,31.745103535254199
0.76470984364208827,32.475969890586953
0.76538044489483026,32.726394616619586
0.76538044489483026,33.457286577752484
0.76605104614757225,33.457286577752484
0.76605104614757225,33.697468983702038
0.76736486696011452,33.697468983702038
0.76736486696011452,33.937651389651705
0.76803546821285651,33.937651389651705
0.76803546821285651,34.177833795601259
0.76870678439230744,34.177833795601259
0.76870678439230744,34.428258521634007
0.77002060520484972,34.428258521634007
0.77002060520484972,34.668440927583561
0.77071908859923055,34.668440927583561
0.77071908859923055,34.908623333533114
0.77136180771033458,34.908623333533114
0.77136180771033458,35.159048059565976
0.77136180771033458,34.908623333533114
0.77203240896307657,34.908623333533114
0.77203240896307657,35.159048059565976
0.77270301021581855,35.399230465515529
0.77270301021581855,36.130096820848166
0.77337432639526948,36.130096820848166
0.77337432639526948,36.610692084949278
0.77404492764801147,36.610692084949278
0.77404492764801147,36.861116810982026
0.77535874846055375,36.861116810982026
0.77535874846055375,37.34168646928299
0.77602934971329574,37.591855137313473
0.77602934971329574,37.832037543263027
0.77669995096603817,37.832037543263027
0.77669995096603817,37.591855137313473
0.7773705522187806,37.591855137313473
0.7773705522187806,38.072424795614438
0.77804186839823108,38.072424795614438
0.77804186839823108,39.303910150810566
0.77868458750933467,39.544092556760233
0.77868458750933467,40.755554176193982
0.7793551887620771,40.755554176193982
0.7793551887620771,41.736717228558291
0.78002579001481931,41.736717228558291
0.78002579001481931,42.217312492659175
0.78069639126756174,42.217312492659175
0.78069639126756174,42.707894018841444
0.78136699252030373,42.707894018841444
0.78136699252030373,43.67907080912471
0.78203759377304571,43.919253215074377
0.78203759377304571,45.140701096589055
0.7827081950257877,45.140701096589055
0.7827081950257877,46.111877886872321
0.78335091413689173,46.111877886872321
0.78335091413689173,47.083054677155587
0.78402151538963394,47.083054677155587
0.78402151538963394,47.813921032488338
0.78469211664237593,48.054103438437778
0.78469211664237593,49.035292096602461
0.78536271789511836,49.275474502552015
0.78536271789511836,51.217802477318401
0.78603331914786079,51.468227203351042
0.78603331914786079,53.410555178117534
0.78670392040060277,53.650737584067201
0.78670392040060277,55.112495900532622
0.78734663951170636,55.112495900532622
0.78734663951170636,56.574254216998099
0.78801795569115729,56.814436622947653
0.78801795569115729,58.035910110262762
0.78868855694389972,58.035910110262762
0.78868855694389972,59.978238085029147
0.78935915819664171,60.218420490978701
0.78935915819664171,64.843980269525503
0.79002975944938392,65.084162675475
0.79002975944938392,70.200303980203898
0.7907188773038869,70.441100925358569
0.7907188773038869,72.63372559715657
0.79138947855662889,72.63372559715657
0.79138947855662889,74.576053571922955
0.79203219766773292,74.816235977872509
0.79203219766773292,77.008886255470827
0.7927027989204749,77.249068661420495
0.7927027989204749,79.441693333218382
0.79337340017321689,79.441693333218382
0.79337340017321689,81.384021307984767
0.79404400142595888,81.634446034017628
0.79404400142595888,82.11504129811857
0.79471460267870153,82.11504129811857
0.79471460267870153,81.874858892169016
0.79538520393144352,81.874858892169016
0.79538520393144352,80.653411010654338
0.7960279230425471,80.653411010654338
0.7960279230425471,78.711083035887953
0.79669852429528953,78.470900629938399
0.79669852429528953,76.037991128989916
0.79736984047474047,75.787566402957054
0.79736984047474047,71.412328927242299
0.79804044172748245,71.171890463290595
0.79804044172748245,65.324882803228945
0.79871104298022488,64.844313144928037
0.79871104298022488,59.978468537230867
0.79938164423296687,59.7382861312812
0.79938164423296687,53.650968036269091
0.80005224548570908,53.41078563031931
0.80005224548570908,48.544941022622197
0.80069496459681311,48.304758616672643
0.80069496459681311,45.871849115724217
0.80136556584955509,45.621424389691363
0.80136556584955509,43.438785979974455
0.80203616710229708,43.438785979974455
0.80203616710229708,41.246161308176397
0.80270676835503907,41.246161308176397
0.80270676835503907,38.572966978077488
0.8033773696077815,38.572966978077488
0.8033773696077815,35.158868818964493
0.80404797086052393,34.908444092931745
0.80404797086052393,32.475508986183058
0.80469068997162729,32.235326580233505
0.80469068997162729,31.023864960799639
0.80536129122436972,30.773696292769159
0.80536129122436972,29.562260279135561
0.80603189247711216,29.562260279135561
0.80603189247711216,28.591083488852178
0.80670249372985414,28.340658762819544
0.80670249372985414,27.129197143385682
0.80737380990930507,27.129197143385682
0.80737380990930507,25.17685730073822
0.80804441116204706,25.17685730073822
0.80804441116204706,23.234529325971948
0.80868713027315065,23.234529325971948
0.80868713027315065,22.02306770653809
0.80935773152589308,22.02306770653809
0.80935773152589308,21.292201351205563
0.81002833277863528,21.041776625172702
0.81002833277863528,20.320896531921221
0.81069893403137727,20.320896531921221
0.81069893403137727,19.590030176588471
0.81136953528411926,19.590030176588471
0.81136953528411926,18.859138215455687
0.81204013653686169,18.859138215455687
0.81204013653686169,18.12827186012305
0.81271145271631262,17.888089454173496
0.81271145271631262,17.147185625159409
0.81335417182741621,17.147185625159409
0.81335417182741621,16.426331137707962
0.81402477308015819,16.426331137707962
0.81402477308015819,16.186148731758408
0.81469537433290062,15.935724005725548
0.81469537433290062,15.695541599775993
0.81536597558564305,15.695541599775993
0.81536597558564305,15.204934467793692
0.81603657683838526,15.204934467793692
0.81603657683838526,14.474068112461056
0.81670717809112725,14.233885706511389
0.81670717809112725,13.743304180329121
0.81734989720223128,13.743304180329121
0.81734989720223128,13.012412219196449
0.81802049845497327,13.012412219196449
0.81802049845497327,12.77222981324678
0.81869109970771525,12.77222981324678
0.81869109970771525,12.532047407297227
0.81936170096045724,12.532047407297227
0.81936170096045724,12.291865001347674
0.82003230221319945,12.041440275314812
0.82070290346594188,11.801257869365372
0.82072006170695522,11.5592318457999
0.8213906629596972,11.5592318457999
0.8213906629596972,11.068650319617632
0.82203338207080123,11.068650319617632
0.82203338207080123,10.578068793435364
0.82270398332354344,10.578068793435364
0.82270398332354344,10.337886387485923
0.82337458457628543,10.337886387485923
0.82337458457628543,10.097703981536256
0.82404518582902742,10.097703981536256
0.82404518582902742,9.8575215755867021
0.82471578708176985,9.8575215755867021
0.82538638833451228,9.6070968495539564
0.82605698958725426,9.3669144436042888
0.82605698958725426,9.1267320376547314
0.82669970869835785,9.1267320376547314
0.82669970869835785,8.876307311621872
0.82737102487780878,8.876307311621872
0.82737102487780878,8.6361249056724319
0.82804162613055121,8.6361249056724319
0.82871222738329342,8.395942499722878
0.82938282863603541,8.395942499722878
0.82938282863603541,8.1455177736900168
0.83002554774713944,7.905335367740463
0.83136732219399057,7.905335367740463
0.83136732219399057,7.6651529617907954
0.83270916813351303,7.6651529617907954
0.83270916813351303,7.4249705558412415
0.83337976938625546,7.4249705558412415
0.83337976938625546,7.1748018878105313
0.83402248849735861,7.1748018878105313
0.83402248849735861,6.9346194818609774
0.83536426294421018,6.9346194818609774
0.83603486419695239,6.6941810179093864
0.83670618037640332,6.6941810179093864
0.83737678162914575,6.4440123498786761
0.83804738288188818,6.4440123498786761
0.83804738288188818,6.2038299439291222
0.83936120369442979,6.2038299439291222
0.83936120369442979,5.9636475379795684
0.84137386536470737,5.9636475379795684
0.84137386536470737,5.7234651320299008
0.8426877576699201,5.7234651320299008
0.8426877576699201,5.9636475379795684
0.84335835892266231,5.9636475379795684
0.84335835892266231,5.7234651320299008
0.8440289601754043,5.7234651320299008
0.8440289601754043,5.4730404059971534
0.84735551415089505,5.4730404059971534
0.84735551415089505,5.2328580000474858
0.84802611540363704,5.2328580000474858
0.84869671665637902,4.9926755940980456
0.84936731790912101,4.9926755940980456
0.84936731790912101,4.7422508680651845
0.85003791916186366,4.7422508680651845
0.85003791916186366,4.9926755940980456
0.8507085204146061,4.9926755940980456
0.85202991945026207,4.7407657316526874
0.85337169389711365,4.7407657316526874
0.85337169389711365,4.5005833257031327
0.85337169389711365,4.7407657316526874
0.85736913509602952,4.7407657316526874
0.85736913509602952,4.5005833257031327
0.85803973634877195,4.5005833257031327
0.85803973634877195,4.2604009197534651
0.85871033760151394,4.2604009197534651
0.85871033760151394,4.5005833257031327
0.8607229992717913,4.5005833257031327
0.8607229992717913,4.2604009197534651
0.86139431545124223,4.2604009197534651
0.86203703456234559,4.5005833257031327
0.86273551795672643,4.5005833257031327
0.86273551795672643,4.2604009197534651
0.86603411829790766,4.2604009197534651
0.86603411829790766,4.0099761937207177
0.86603411829790766,4.2604009197534651
0.86871766719161037,4.2604009197534651
0.86871766719161037,4.0099761937207177
0.87469981642649386,4.0099761937207177
0.87469981642649386,3.7697937877712775
0.87537041767923607,3.7697937877712775
0.87604173385868678,4.0099761937207177
0.87671233511142943,4.0099761937207177
0.87671233511142943,3.7697937877712775
0.87805410955828056,3.7697937877712775
0.87805410955828056,4.0099761937207177
0.87936793037082261,4.0099761937207177
0.87936793037082261,3.7697937877712775
0.88003853162356527,3.7697937877712775
0.88272372484869854,3.7691024311652654
0.88272372484869854,4.0092848371148193
0.88339432610144075,4.0092848371148193
0.88339432610144075,3.7691024311652654
0.88470814691398281,3.7691024311652654
0.88470814691398281,3.5289200252155979
0.88537874816672502,3.5289200252155979
0.88537874816672502,2.7980280640829278
0.88605006434617573,2.5578456581332603
0.88605006434617573,0.60550581548568516
0.88537874816672502,0.36532340953613129
0.88537874816672502,-1.3367197360797718
0.88470814691398281,-1.3367197360797718
0.88470814691398281,-1.8273012622620399
0.88071077720773761,-1.8273012622620399
0.88071077720773761,-2.0674836682115938
0.87872599767909887,-2.0674836682115938
0.87872599767909887,-2.3076660741612613
0.87470060284587325,-2.3076660741612613
0.87470060284587325,-2.5580908001938951
0.87137412036305428,-2.5580908001938951
0.87137412036305428,-2.7982732061435627
0.87070280418360313,-2.7982732061435627
0.87070280418360313,-2.5580908001938951
0.87006008507249954,-2.5580908001938951
0.87006008507249954,-2.7982732061435627
0.86670564895537083,-2.7982732061435627
0.86670564895537083,-3.0384556120931165
0.86606292984426725,-3.0384556120931165
0.86539161366481632,-2.7982732061435627
0.86472101241207433,-2.7982732061435627
0.86472101241207433,-3.0384556120931165
0.86337923796522276,-3.0384556120931165
0.8620357476942706,-3.0397871137046195
0.86139302858316658,-3.2799695196540601
0.85803852097336719,-3.2799695196540601
0.85736791972062476,-3.5303942456868072
0.85538314019198625,-3.5303942456868072
0.85538314019198625,-3.7705766516364743
0.85202991945026207,4.9911904576855477
0.85071481176964459,-3.7705766516364743
0.85071481176964459,-4.0107590575860286
0.84937303732279301,-4.0107590575860286
0.84937303732279301,-4.2611837836188897
0.84736037565251587,-4.2611837836188897
0.84736037565251587,-4.5013661895684436
0.84671765654141184,-4.5013661895684436
0.84671765654141184,-4.2611837836188897
0.8453758106018896,-4.2611837836188897
0.8453758106018896,-4.5013661895684436
0.8440340361550378,-4.5013661895684436
0.84336343490229582,-4.7415485955178838
0.84137865537365686,-4.7415485955178838
0.84137865537365686,-4.991717263548594
0.83936599370337972,-4.991717263548594
0.83936599370337972,-5.2318996694981479
0.83869539245063773,-5.2318996694981479
0.8380526733395337,-5.4720820754478154
0.8373820720867915,-5.4720820754478154
0.8373820720867915,-5.7125205393995202
0.83536933892384391,-5.7125205393995202
0.83536933892384391,-5.9626892074301168
0.83402756447699211,-5.9626892074301168
0.83402756447699211,-6.2028716133797843
0.83338484536588808,-6.2028716133797843
0.8333747648992933,-6.4448464253447364
0.83203299045244195,-6.4448464253447364
0.83203299045244195,-6.695271151377483
0.83136167427299101,-6.695271151377483
0.83069107302024858,-6.9354535573271514
0.8300204717675066,-6.9354535573271514
0.8300204717675066,-7.1756359632767044
0.82870665095496454,-7.1756359632767044
0.82870665095496454,-7.4158183692261446
0.82803604970222233,-7.4158183692261446
0.82803604970222233,-7.6662430952590057
0.82736544844948035,-7.6662430952590057
0.82736544844948035,-7.9064255012085596
0.82669413227002941,-7.9064255012085596
0.82605141315892539,-8.1466079071582271
0.8253808119061834,-8.3970326331909746
0.82471021065344141,-8.6372150391406421
0.82403960940069898,-8.6372150391406421
0.82403960940069898,-8.877397445090196
0.82269783495384763,-8.877397445090196
0.82269783495384763,-9.3680045770724956
0.82202723370110564,-9.3680045770724956
0.82202723370110564,-9.6081869830220512
0.82138451459000161,-9.6081869830220512
0.82138451459000161,-9.8586117090549124
0.82071391333725963,-9.8586117090549124
0.82071391333725963,-10.098794115004466
0.82004331208451742,-10.098794115004466
0.82004331208451742,-10.33897652095402
0.81937271083177499,-10.58914518898473
0.81937271083177499,-10.829327594934171
0.81870210957903256,-10.829327594934171
0.81870210957903256,-11.309922859035282
0.81803150832629057,-11.309922859035282
0.81803150832629057,-11.560091527065881
0.81736090707354858,-11.560091527065881
0.81736090707354858,-11.800273933015546
0.81671818796244455,-11.800273933015546
0.81671818796244455,-12.0404563389651
0.81604758670970257,-12.290881064997848
0.81604758670970257,-12.771476329098846
0.81537698545696058,-12.771476329098846
0.81537698545696058,-13.262057855281114
0.81470638420421837,-13.262057855281114
0.81470638420421837,-13.742627513582081
0.81403578295147594,-13.742627513582081
0.81403578295147594,-14.713804303865231
0.81336518169873395,-14.713804303865231
0.81336518169873395,-15.204385830047499
0.81272246258763037,-15.204385830047499
0.81272246258763037,-15.444568235997052
0.81138061664810812,-15.444568235997052
0.81138061664810812,-15.93514976217932
0.81071001539536569,-15.93514976217932
0.81071001539536569,-16.666041723312105
0.81003941414262326,-16.666041723312105
0.81003941414262326,-18.127800039777529
0.80936881288988105,-18.127800039777529
0.80936881288988105,-19.349247921292431
0.80869821163713906,-19.349247921292431
0.80869821163713906,-19.829843185393543
0.80805549252603504,-19.829843185393543
0.80805549252603504,-20.320424711575697
0.80738489127329305,-20.320424711575697
0.80738489127329305,-21.05129106690822
0.80671357509384212,-21.05129106690822
0.80671357509384212,-22.022467857191486
0.80604297384110013,-22.022467857191486
0.80604297384110013,-23.243941344506538
0.80537237258835814,-23.243941344506538
0.80537237258835814,-24.695662187290395
0.80470177133561593,-24.946086913323256
0.80470177133561593,-26.157522926956744
0.80405905222451191,-26.157522926956744
0.80405905222451191,-27.128699717240011
0.80404032114473822,-27.380071857880807
0.80336971989199624,-27.380071857880807
0.80336971989199624,-28.59153347731456
0.80269911863925425,-28.59153347731456
0.80269911863925425,-29.812981358829347
0.80202851738651226,-30.053419822781049
0.80202851738651226,-31.755437362596808
0.80135791613377005,-31.755437362596808
0.80135791613377005,-33.697790943163227
0.80068731488102762,-33.697790943163227
0.80068731488102762,-35.159523653828501
0.80004459576992404,-35.159523653828501
0.80004459576992404,-36.621281970293921
0.79937399451718205,-36.861464376243589
0.79937399451718205,-38.813829824691432
0.79870339326443962,-39.054012230640978
0.79870339326443962,-40.996340205407357
0.79803279201169719,-41.246508873438081
0.79803279201169719,-44.410310335519398
0.7973621907589552,-44.650492741468952
0.7973621907589552,-48.29486386185124
0.79669087457950427,-48.545032529881951
0.79669087457950427,-51.698822124081971
0.79602027332676228,-51.948990792112681
0.79602027332676228,-56.324228267827493
0.79537755421565826,-56.564666731779091
0.79537755421565826,-60.459334549193045
0.79470695296291605,-60.699516955142713
0.79470695296291605,-63.382748758923071
0.79403635171017406,-63.622931164872739
0.79403635171017406,-66.296125494971648
0.79336575045743207,-66.546550221004509
0.79336575045743207,-69.700339815204529
0.79269514920468964,-69.950764541237277
0.79269514920468964,-74.09575466148317
0.79202454795194766,-74.335937067432837
0.79202454795194766,-78.961471240179435
0.79138182884084407,-78.961471240179435
0.79138182884084407,-83.827315847876662
0.79071122758810186,-84.067498253826216
0.79071122758810186,-86.981003018875867
0.79004062633535943,-87.231427744908615
0.79004062633535943,-88.202604535191995
0.789370025082617,-87.962422129242327
0.789370025082617,-86.981233471077758
0.78869942382987501,-86.981233471077758
0.78869942382987501,-85.038905496311372
0.78802882257713303,-84.798723090361818
0.78802882257713303,-81.875206457430863
0.78735750639768209,-81.635024051481309
0.78735750639768209,-77.009464272934451
0.78671478728657807,-76.769281866984898
0.78671478728657807,-71.893425391406481
0.78604418603383608,-71.402843865224327
0.78604418603383608,-65.085278414743016
0.78537358478109387,-64.834853688710268
0.78537358478109387,-60.219331383844974
0.78470298352835188,-59.97914897789542
0.78470298352835188,-57.295917174115061
0.78403238227560945,-57.055734768165394
0.78403238227560945,-54.622825267216847
0.78336178102286746,-54.382386803265263
0.78336178102286746,-52.189762131467091
0.78271906191176388,-52.189762131467091
0.78271906191176388,-49.756852630518665
0.78204846065902145,-49.756852630518665
0.78204846065902145,-47.083632694619382
0.78137785940627946,-47.083632694619382
0.78137785940627946,-45.381589549003479
0.78070725815353681,-45.381589549003479
0.78070725815353681,-44.410438364520473
0.78003665690079482,-44.410438364520473
0.78003665690079482,-43.67954640338769
0.77936605564805284,-43.67954640338769
0.77936605564805284,-42.948680048055053
0.77869545439531085,-42.948680048055053
0.77869545439531085,-42.217788086922269
0.77805273528420682,-41.977605680972722
0.77805273528420682,-41.727180954939968
0.77738141910475589,-41.727180954939968
0.77738141910475589,-40.515719335506219
0.7767108178520139,-40.515719335506219
0.7767108178520139,-39.053986624840952
0.77604021659927169,-38.813804218891278
0.77604021659927169,-37.842627428608012
0.77536961534652926,-37.592458760577415
0.77536961534652926,-37.101877234395261
0.77469901409378727,-37.101877234395261
0.77469901409378727,-36.861438770443563
0.77405629498268369,-36.861438770443563
0.77404099555111316,-36.620693036888717
0.77269914961159092,-36.620693036888717
0.77269914961159092,-36.130111510706683
0.77202854835884871,-36.130111510706683
0.77202854835884871,-35.889929104757016
0.77135794710610672,-35.889929104757016
0.77135794710610672,-35.399347578574975
0.77071522799500269,-35.399347578574975
0.77071522799500269,-34.668455617442078
0.77001674460062186,-34.668455617442078
0.77001674460062186,-33.947601129990744
0.76937402548951828,-33.947601129990744
0.76937402548951828,-33.697432461960148
0.76803217954999603,-33.697432461960148
0.76803217954999603,-33.947601129990744
0.76803217954999603,-33.697432461960148
0.7673615782972536,-33.456993998008443
0.7673615782972536,-32.966412471826288
0.76604775748471132,-32.966412471826288
0.76604775748471132,-32.726230065876621
0.76470598303785997,-32.726230065876621
0.76470598303785997,-32.486047659927067
0.76336420859100884,-32.486047659927067
0.76336420859100884,-31.995466133744912
0.76269289241155791,-31.995466133744912
0.76269289241155791,-31.264574172612129
0.76205017330045388,-31.264574172612129
0.76205017330045388,-30.784004514311281
0.76070839885360231,-30.784004514311281
0.76070839885360231,-31.024186920260831
0.75933867077244188,-31.024186920260831
0.75933867077244188,-30.784004514311281
0.75799682483291919,-30.784004514311281
0.75799682483291919,-30.533835846280567
0.75735410572181561,-30.533835846280567
0.75735410572181561,-30.293653440331013
0.75668350446907362,-30.293653440331013
0.75668350446907362,-30.053471034381342
0.75601290321633119,-30.053471034381342
0.75601290321633119,-29.813032570429641
0.75534230196358898,-29.813032570429641
0.75534230196358898,-30.053471034381342
0.75467170071084655,-30.053471034381342
0.75467170071084655,-30.293653440331013
0.75335780840563382,-30.293653440331013
0.75335780840563382,-30.053471034381342
0.75268720715289184,-30.053471034381342
0.75268720715289184,-29.813032570429641
0.7520166059001494,-29.813032570429641
0.7520166059001494,-29.562607844396894
0.7513460046474072,-29.562607844396894
0.7513460046474072,-29.082038186096039
0.75067540339466476,-29.082038186096039
0.75067540339466476,-28.591456659913888
0.75000480214192278,-28.591456659913888
0.75000480214192278,-28.841625327944602
0.74933420088918079,-28.841625327944602
0.74933420088918079,-29.322194986245449
0.74869148177807676,-29.322194986245449
0.74869148177807676,-29.082012580295896
0.74802016559862583,-29.082012580295896
0.74802016559862583,-28.841830174346342
0.74533661670492335,-28.841830174346342
0.74533661670492335,-28.591661506315631
0.74469389759381932,-28.591661506315631
0.74133031041481723,-28.591277419312178
0.74133031041481723,-28.841446087342888
0.7406875913037132,-28.841446087342888
0.7406875913037132,-29.081628493292438
0.74001699005097121,-29.081628493292438
0.74001699005097121,-28.350762137959919
0.73934638879822923,-28.350762137959919
0.73934638879822923,-27.379585347676649
0.73867507261877829,-27.379585347676649
0.73867507261877829,-27.619767753626093
0.73800447136603631,-27.619767753626093
0.73800447136603631,-27.85995015957576
0.7333361429436942,-27.85995015957576
0.7333361429436942,-28.100132565525318
0.73266554169095222,-28.100132565525318
0.73266554169095222,-28.350557291558172
0.73199494043820978,-28.350557291558172
0.73199494043820978,-27.85995015957576
0.7313522213271062,-27.85995015957576
0.7313522213271062,-27.619767753626093
0.73068162007436399,-27.619767753626093
0.73068162007436399,-27.85995015957576
0.72933984562751286,-27.85995015957576
0.72933984562751286,-27.619767753626093
0.72933984562751286,-27.85995015957576
0.72866852944806193,-27.85995015957576
0.72866852944806193,-28.100132565525318
0.7279979281953195,-28.100132565525318
0.7279979281953195,-28.350557291558172
0.72735520908421591,-28.350557291558172
0.72735520908421591,-28.100132565525318
0.72668460783147393,-28.100132565525318
0.72668460783147393,-27.37927807807398
0.7260140065787315,-27.12910941004327
0.7260140065787315,-26.88892700409372
0.72534340532598884,-26.88892700409372
0.72534340532598884,-27.379508530275871
0.72467280407324686,-27.379508530275871
0.72467280407324686,-27.619690936225425
0.72201713732118233,-27.619690936225425
0.72134653606844035,-27.379508530275871
0.71801998209295004,-27.379508530275871
0.71801998209295004,-27.12933986224516
0.71734938084020761,-27.12933986224516
0.71734938084020761,-27.379508530275871
0.71667877958746562,-27.379508530275871
0.71667877958746562,-28.100363017727204
0.71600817833472363,-28.100363017727204
0.71600817833472363,-27.129211833244199
0.7153654592236196,-27.129211833244199
0.7153654592236196,-26.158035042960933
0.71468527795297865,-26.158239889362559
0.71468527795297865,-26.39842229531223
0.71401396177352772,-26.39842229531223
0.71401396177352772,-26.889029427294531
0.71334336052078573,-26.889029427294531
0.71334336052078573,-27.129211833244085
0.71267275926804374,-27.129211833244085
0.71267275926804374,-26.648642174943237
0.71200215801530176,-26.648642174943237
0.71133155676255932,-26.888824580892788
0.71133155676255932,-27.129006986842342
0.71133155676255932,-26.888824580892788
0.71066095550981689,-26.888824580892788
0.71001823639871353,-26.648642174943237
0.70867639045919084,-26.648642174943237
0.70867639045919084,-26.888824580892788
0.70733461601233971,-26.888824580892788
0.70733461601233971,-26.648642174943237
0.70602079519979744,-26.648642174943237
0.70602079519979744,-26.398217448910486
0.70535019394705545,-26.398217448910486
0.70535019394705545,-26.648642174943237
0.70400834800753276,-26.648642174943237
0.70400834800753276,-27.129211833244085
0.70333774675479077,-27.129211833244085
0.70333774675479077,-27.379380501274795
0.70333774675479077,-26.888798975092641
0.70266714550204812,-26.888798975092641
0.70266714550204812,-26.157907013959857
0.70202442639094453,-25.91772460801019
0.70202442639094453,-25.667555939979479
0.70135382513820255,-25.667555939979479
0.70135382513820255,-25.91772460801019
0.70068322388546012,-26.157907013959857
0.69934137794593787,-26.157907013959857
0.69934137794593787,-25.91772460801019
0.69802755713339582,-25.91772460801019
0.69802755713339582,-25.667555939979479
0.69802755713339582,-25.91772460801019
0.69467304952359621,-25.91772460801019
0.69467304952359621,-26.157907013959857
0.69467304952359621,-25.91772460801019
0.694002448270854,-25.91772460801019
0.694002448270854,-25.667555939979479
0.69335972915975019,-25.427373534030039
0.69335972915975019,-25.187191128080372
0.69268912790700821,-25.187191128080372
0.69268912790700821,-25.427373534030039
0.6893625739315179,-25.427373534030039
0.6893625739315179,-25.187191128080372
0.68869197267877569,-25.187191128080372
0.68869197267877569,-24.69658399609796
0.68802137142603326,-24.456401590148403
0.68802137142603326,-24.216219184198849
0.68735077017329127,-24.216219184198849
0.68735077017329127,-24.456401590148403
0.68668016892054906,-24.456401590148403
0.68668016892054906,-24.69658399609796
0.68533839447369771,-24.69658399609796
0.68468802564680931,-24.695815822091618
0.68468802564680931,-24.45563341614195
0.6840174243940671,-24.45563341614195
0.6840174243940671,-24.2154510101924
0.68200476272378996,-24.2154510101924
0.68200476272378996,-23.965282342161689
0.68001998319515122,-23.965282342161689
0.68001998319515122,-23.484712683860721
0.67934938194240879,-23.484712683860721
0.67934938194240879,-23.244530277911167
0.67867878068966681,-23.484712683860721
0.67867878068966681,-23.724895089810389
0.67602318543027318,-23.724895089810389
0.67602318543027318,-23.244325431509537
0.67535258417753097,-23.244325431509537
0.67535258417753097,-22.51343347037664
0.67468126799808004,-22.51343347037664
0.67468126799808004,-22.26326480234593
0.67401066674533805,-22.26326480234593
0.67401066674533805,-22.023082396396376
0.67401066674533805,-22.26326480234593
0.67334006549259584,-22.51343347037664
0.67334006549259584,-22.753615876326197
0.67266946423985363,-22.753615876326197
0.67266946423985363,-22.51343347037664
0.67135564342731135,-22.51343347037664
0.67135564342731135,-22.26326480234593
0.67068504217456937,-22.26326480234593
0.67068504217456937,-22.023082396396376
0.6693431962350469,-22.023082396396376
0.6693431962350469,-21.782899990446825
0.66802937542250462,-21.782899990446825
0.66802937542250462,-21.532731322416112
0.66601671375222726,-21.532731322416112
0.66601671375222726,-21.292292858464407
0.66534611249948528,-21.292292858464407
0.66534611249948528,-21.052110452514853
0.66336133297084654,-21.052110452514853
0.66336133297084654,-21.292292858464407
0.66201955852399497,-21.292292858464407
0.66201955852399497,-20.561426503131884
0.66134895727125276,-20.561426503131884
0.66134895727125276,-19.830560147799247
0.65799444966145315,-19.830560147799247
0.65799444966145315,-19.590377741849693
0.65600974162548531,-19.590377741849693
0.65600974162548531,-19.099770609867281
0.65531054330439575,-19.099770609867281
0.65530282209594182,-18.617664603553408
0.65466010298483823,-18.617664603553408
0.65466010298483823,-18.857847009503075
0.65264744131456109,-18.857847009503075
0.65264744131456109,-18.617664603553408
0.65197684006181866,-18.617664603553408
0.65197684006181866,-18.37748219760385
0.65133412095071486,-18.37748219760385
0.65133412095071486,-18.127057471571103
0.65133412095071486,-18.37748219760385
0.64999227501119261,-18.37748219760385
0.64999227501119261,-18.127057471571103
0.6493216737584504,-18.127057471571103
0.6493216737584504,-17.886875065621439
0.64865107250570797,-17.646692659671885
0.64865107250570797,-17.396267933639251
0.64798047125296576,-17.396267933639251
0.64798047125296576,-17.15608552768947
0.64798047125296576,-17.396267933639251
0.64666665044042371,-17.396267933639251
0.64666665044042371,-17.15608552768947
0.64599604918768128,-17.15608552768947
0.64532473300823034,-16.905916859658987
0.64465413175548814,-16.905916859658987
0.64398353050274593,-16.665734453709319
0.6433129292500035,-16.665734453709319
0.6433129292500035,-16.415309727676572
0.64199910843746166,-16.415309727676572
0.64199910843746166,-16.175127321726904
0.64132850718471923,-16.175127321726904
0.64132850718471923,-15.9346888577752
0.64065790593197702,-15.9346888577752
0.64065790593197702,-15.694506451825646
0.63867312640333829,-15.694506451825646
0.63867312640333829,-15.203924925643491
0.63800252515059608,-15.203924925643491
0.63733192389785365,-15.444107331592932
0.63666132264511144,-15.444107331592932
0.63666132264511144,-15.203924925643491
0.63599072139236923,-15.203924925643491
0.63599072139236923,-14.713343399461223
0.6353194052129183,-14.713343399461223
0.6353194052129183,-14.473160993511669
0.63467668610181449,-14.473160993511669
0.63467668610181449,-14.232978587562002
0.63400608484907206,-14.232978587562002
0.63400608484907206,-13.992796181612448
0.63132253595536936,-13.992796181612448
0.63132253595536936,-13.742371455579814
0.6306512197759182,-13.742371455579814
0.6306512197759182,-13.502189049630031
0.6300085006648144,-13.502189049630031
0.6300085006648144,-13.262006643680593
0.62933789941207219,-13.262006643680593
0.62933789941207219,-13.011581917647732
0.62799612496522061,-13.011581917647732
0.62732552371247841,-12.771399511698178
0.6266549224597362,-12.771399511698178
0.6266549224597362,-12.531217105748624
0.62601220334863261,-12.531217105748624
0.62533273700470304,-12.529501517134008
0.62533273700470304,-12.289319111184454
0.62466213575196061,-12.289319111184454
0.62466213575196061,-12.038894385151591
0.62334831493941856,-12.038894385151591
0.62334831493941856,-11.798711979202039
0.62264983154503772,-11.798711979202039
0.62264983154503772,-11.558529573252486
0.62200711243393392,-11.558529573252486
0.62200711243393392,-11.308360905221887
0.62066526649441167,-11.308360905221887
0.62066526649441167,-11.068178499272337
0.61800967123501827,-11.068178499272337
0.61800967123501827,-10.827740035320517
0.61733906998227583,-10.827740035320517
0.61733906998227583,-10.337158509138362
0.61532633681932758,-10.337158509138362
0.61532633681932758,-10.096976103188696
0.61398456237247645,-10.096976103188696
0.61398456237247645,-9.8567936972391408
0.61267074155993417,-9.8567936972391408
0.61267074155993417,-9.6063689712062796
0.61132889562041193,-9.6063689712062796
0.61132889562041193,-9.3661865652568395
0.61001507480786965,-9.3661865652568395
0.61001507480786965,-9.1260041593072856
0.6086733003610183,-9.1260041593072856
0.6086733003610183,-8.8755794332744244
0.60800269910827587,-8.6353970273248706
0.60601791957963735,-8.6353970273248706
0.60601791957963735,-8.395214621375203
0.60534731832689492,-8.395214621375203
0.60534731832689492,-8.1447898953424556
0.60400554388004357,-8.1447898953424556
0.60400554388004357,-7.9046074893930154
0.60333494262730114,-7.9046074893930154
0.60333494262730114,-7.6644250834432341
0.60266434137455893,-7.6644250834432341
0.60199374012181672,-7.9046074893930154
0.60135102101071314,-7.9046074893930154
0.60135102101071314,-7.6644250834432341
0.60000924656386134,-7.6644250834432341
0.60000924656386134,-7.4140003574106004
0.59933864531111913,-7.4140003574106004
0.59933864531111913,-7.1738179514609328
0.59799687086426778,-7.1738179514609328
0.59799687086426778,-6.933635545511379
0.5973541517531642,-6.933635545511379
0.5973541517531642,-7.1738179514609328
0.59601230581364151,-7.1738179514609328
0.59601230581364151,-6.933635545511379
0.59533755798598897,-6.9320735916980993
0.59533755798598897,-6.6918911857485455
0.59201107550316978,-6.6918911857485455
0.59201107550316978,-6.441466459715798
0.59133975932371885,-6.441466459715798
0.59133975932371885,-6.2012840537661305
0.58932709765344149,-6.2012840537661305
0.58932709765344149,-5.9611016478165766
0.58667143090137719,-5.9611016478165766
0.58667143090137719,-5.71093297978598
0.58532965645452562,-5.71093297978598
0.58532965645452562,-5.4704945158342753
0.58465905520178341,-5.4704945158342753
0.58465905520178341,-5.2303121098847214
0.58334523438924135,-5.2303121098847214
0.58334523438924135,-5.4704945158342753
0.58200345994238978,-5.4704945158342753
0.58200345994238978,-5.2303121098847214
0.57934779319032548,-5.2303121098847214
0.57934779319032548,-4.9901297039350538
0.5780060187434739,-4.9901297039350538
0.5780060187434739,-4.7399610359044573
0.5780060187434739,-4.9901297039350538
0.57602123921483539,-4.9901297039350538
0.57535063796209274,-4.7399610359044573
0.57400886351524161,-4.7399610359044573
0.57400886351524161,-4.4997786299547897
0.5706823095397513,-4.4997786299547897
0.5706823095397513,-4.2595962240052359
0.56668486834083542,-4.2595962240052359
0.56534581061547695,-4.2587768383981484
0.56467520936273452,-4.0083521123652872
0.55997892730608334,-4.0083521123652872
0.55997892730608334,-3.768169706415847
0.55866510649354129,-3.768169706415847
0.55866510649354129,-4.0083521123652872
0.55799450524079908,-4.0083521123652872
0.55799450524079908,-3.768169706415847
0.55332617681845742,-3.768169706415847
0.55332617681845742,-3.5279873004660658
0.55265557556571521,-3.5279873004660658
0.55265557556571521,-3.768169706415847
0.54865813436679911,-3.768169706415847
0.54865813436679911,-3.5279873004660658
0.5479875331140569,-3.5279873004660658
0.54731693186131447,-3.768169706415847
0.54667421275021089,-3.768169706415847
0.54667421275021089,-3.5279873004660658
0.54200588432786923,-3.5279873004660658
0.54200588432786923,-3.768169706415847
0.54065917688672793,-3.768169706415847
0.54065917688672793,-3.5279873004660658
0.53666173568781206,-3.5279873004660658
0.53531996124096048,-3.5279873004660658
0.53531996124096048,-3.768169706415847
0.53464935998821828,-3.768169706415847
0.53464935998821828,-3.5279873004660658
0.53397875873547584,-3.5279873004660658
0.53333603962437226,-3.768169706415847
0.53266543837163005,-3.768169706415847
0.53199483711888784,-3.5279873004660658
0.53065306267203605,-3.5279873004660658
0.53065306267203605,-3.768169706415847
0.52998246141929406,-3.768169706415847
0.52933974230819025,-3.5279873004660658
0.52866914105544804,-3.5279873004660658
0.52866914105544804,-3.768169706415847
0.52467169985653217,-3.768169706415847
0.52467169985653217,-3.5279873004660658
0.5233299254096806,-3.5279873004660658
0.5233299254096806,-3.768169706415847
0.5166488638243909,-3.768169706415847
0.5166488638243909,-4.0083521123652872
0.51600614471328687,-4.0083521123652872
0.51533554346054489,-3.768169706415847
0.51466494220780246,-3.768169706415847
0.51466494220780246,-4.0083521123652872
0.51332309626828021,-4.0083521123652872
0.51332309626828021,-3.768169706415847
0.51200927545573793,-3.768169706415847
0.51200927545573793,-4.0083521123652872
0.50798388062251276,-4.0083521123652872
0.50798388062251276,-3.768169706415847
0.50734116151140918,-3.768169706415847
0.50666737883481328,-3.7682721296165478
0.50666737883481328,-4.0084545355661021
0.49534601395416211,-4.0084545355661021
0.49534601395416211,-4.2588792615989632
0.4946754127014199,-4.2588792615989632
0.4946754127014199,-4.0084545355661021
0.49000708427907819,-4.0084545355661021
0.49000708427907819,-4.2588792615989632
0.48866523833955577,-4.2588792615989632
0.48866523833955577,-4.0084545355661021
0.48799463708681379,-4.0084545355661021
0.4873240358340713,-4.2588792615989632
0.48668131672296749,-4.2588792615989632
0.48668131672296749,-4.0084545355661021
0.48533814816903398,-4.0084545355661021
0.48533814816903398,-4.2588792615989632
0.48399630222951168,-4.2588792615989632
0.48399630222951168,-4.0084545355661021
0.4826545277826601,-4.0084545355661021
0.4826545277826601,-4.2588792615989632
0.47801415299462779,-4.2588792615989632
0.47667242859264619,-4.2592121370017821
0.47667242859264619,-4.4993945429514497
0.47533065414579467,-4.4993945429514497
0.47533065414579467,-4.2592121370017821
0.47398880820627243,-4.2592121370017821
0.47398880820627243,-4.4993945429514497
0.47267498739373009,-4.4993945429514497
0.47267498739373009,-4.2592121370017821
0.47133321294687902,-4.2592121370017821
0.47133321294687902,-4.4993945429514497
0.46599399730111157,-4.4993945429514497
0.46599399730111157,-4.7395769489010036
0.46468014074223402,-4.7395769489010036
0.46468014074223402,-4.4993945429514497
0.46400925351880801,-4.4993945429514497
0.46400925351880801,-4.7395769489010036
0.45730022400067472,-4.7395769489010036
0.45730022400067472,-4.9897456169317138
0.45665729041155839,-4.9897456169317138
0.45598640318813261,-4.7395769489010036
0.4546446144427469,-4.7395769489010036
0.4546446144427469,-4.9897456169317138
0.44930539164771249,-4.9897456169317138
0.44930539164771249,-5.2299280228812677
0.44863450442428671,-5.2299280228812677
0.44863450442428671,-4.9897456169317138
0.44799159228297158,-4.9904881851380196
0.44799159228297158,-5.2306705910875735
0.44597890201562618,-5.2306705910875735
0.44597890201562618,-5.4708529970371274
0.44597890201562618,-5.2306705910875735
0.44466505975528259,-5.2306705910875735
0.44466505975528259,-5.4708529970371274
0.44332326386062992,-5.4708529970371274
0.44332326386062992,-5.2306705910875735
0.44198147511524438,-5.2306705910875735
0.44198147511524438,-5.4708529970371274
0.4379839767221918,-5.4708529970371274
0.4379839767221918,-5.7112914609889458
0.4366421879768061,-5.7112914609889458
0.4366421879768061,-5.4708529970371274
0.43599925438768999,-5.4708529970371274
0.43599925438768999,-5.7112914609889458
0.43264476107642458,-5.7112914609889458
0.43264476107642458,-5.9614601290194287
0.43200182748730809,-5.9614601290194287
0.43200182748730809,-5.7112914609889458
0.4306600315926552,-5.7112914609889458
0.4306600315926552,-5.9614601290194287
0.4273335062142336,-5.9614601290194287
0.4273335062142336,-6.2016425349690962
0.42666261899080782,-6.2016425349690962
0.42666261899080782,-5.9614601290194287
0.42599173176738198,-5.9614601290194287
0.42599173176738198,-6.2016425349690962
0.42132340334504031,-6.2016425349690962
0.42132340334504031,-6.4418249409186501
0.42065251612161458,-6.4418249409186501
0.42065251612161458,-6.2016425349690962
0.4199816288981888,-6.2016425349690962
0.4199816288981888,-6.4418249409186501
0.41866778663784537,-6.4418249409186501
0.41799694231002199,-6.4425931149252165
0.41799694231002199,-6.6930178409580776
0.41799694231002199,-6.4425931149252165
0.41665514641536938,-6.4425931149252165
0.41665514641536938,-6.6930178409580776
0.41399950826037329,-6.6930178409580776
0.41399950826037329,-6.9332002469076324
0.41265771951498759,-6.9332002469076324
0.41265771951498759,-6.6930178409580776
0.4119868322915618,-6.6930178409580776
0.4119868322915618,-6.9332002469076324
0.41131594506813601,-6.9332002469076324
0.41131594506813601,-7.173382652857299
0.41064505784471028,-7.173382652857299
0.41064505784471028,-6.9332002469076324
0.40866018537559978,-6.9332002469076324
0.40866018537559978,-7.173382652857299
0.40731839663021407,-7.173382652857299
0.40731839663021407,-6.9332002469076324
0.40731839663021407,-7.173382652857299
0.40600455436987071,-7.173382652857299
0.40600455436987071,-7.4135650588068529
0.40533366714644492,-7.4135650588068529
0.40533366714644492,-7.173382652857299
0.4039918712517922,-7.173382652857299
0.4039918712517922,-7.4135650588068529
0.40265007535713909,-7.4135650588068529
0.40265007535713909,-7.6639897848396004
0.40197918813371358,-7.6639897848396004
0.40133625454459748,-7.4135650588068529
0.40066536732117147,-7.4135650588068529
0.40066536732117147,-7.6639897848396004
0.3979817826811331,-7.6639897848396004
0.3979817826811331,-7.9041721907892679
0.39731089545770759,-7.9041721907892679
0.39731089545770759,-8.1443545967388218
0.3966679618685911,-8.1443545967388218
0.3966679618685911,-7.9041721907892679
0.39465527160124542,-7.9041721907892679
0.39465527160124542,-8.1443545967388218
0.39267053496820931,-8.1443545967388218
0.39267053496820931,-8.3947793227715692
0.3913287390735567,-8.3947793227715692
0.3913287390735567,-8.6349617287211231
0.38934400244052031,-8.6349617287211231
0.38934400244052031,-8.875144134670677
0.38864517588131958,-8.8761683666797353
0.38864517588131958,-8.6359859607300677
0.38800224229220309,-8.6359859607300677
0.38800224229220309,-8.8761683666797353
0.38598955202485769,-8.8761683666797353
0.38598955202485769,-9.1265930927123673
0.38400472245134942,-9.1265930927123673
0.38333383522792358,-9.3667754986620366
0.38132114496057817,-9.3667754986620366
0.38132114496057817,-9.6069579046115905
0.38000730270023458,-9.6069579046115905
0.38000730270023458,-9.857382630644338
0.3793364154768088,-9.6069579046115905
0.3793364154768088,-9.857382630644338
0.37799461958215619,-9.857382630644338
0.37799461958215619,-10.097565036594006
0.37600988294912008,-10.097565036594006
0.37600988294912008,-10.337747442543559
0.37533899572569429,-10.337747442543559
0.37533899572569429,-10.58791611057427
0.37332630545834838,-10.58791611057427
0.37332630545834838,-10.82809851652371
0.37265541823492287,-10.82809851652371
0.37201248464580661,-11.068536980475416
0.37067068875115372,-11.068536980475416
0.37067068875115372,-11.308719386425082
0.36865799848380831,-11.308719386425082
0.36798711126038253,-11.55888805445568
0.36734417767126598,-11.55888805445568
0.36734417767126598,-11.799070460405346
0.36600238177661337,-11.799070460405346
0.36600238177661337,-12.0392528663549
0.36533149455318759,-12.0392528663549
0.36533149455318759,-12.289677592387534
0.3646606073297618,-12.289677592387534
0.3646606073297618,-12.5298599983372
0.36200496917476571,-12.5298599983372
0.36200496917476571,-13.010455262438311
0.36130612831703068,-13.010455262438311
0.36130612831703068,-13.260879988471061
0.35999228605668732,-13.260879988471061
0.35999228605668732,-13.501062394420616
0.35932177774441731,-13.742857965784196
0.35932139883326147,-13.501062394420616
0.35730908032780451,-13.742857965784196
0.35730908032780451,-13.993282691816944
0.35663819310437872,-13.993282691816944
0.3559952595152624,-14.233465097766498
0.35532437229183689,-14.473647503716164
0.35465348506841088,-14.473647503716164
0.35465348506841088,-14.713829909665719
0.35398259784498509,-14.713829909665719
0.35398259784498509,-14.96425463569858
0.35196990757763968,-14.96425463569858
0.35196990757763968,-15.444824293999318
0.35132697398852342,-15.444824293999318
0.35132697398852342,-15.694992962030028
0.34931428372117779,-15.694992962030028
0.34931428372117779,-15.935175367979582
0.348643396497752,-15.935175367979582
0.348643396497752,-16.1756138319314
0.34800046290863568,-16.1756138319314
0.34800046290863568,-16.415796237880954
0.34732957568520989,-16.415796237880954
0.34732957568520989,-16.666220963913588
0.3466586884617841,-16.666220963913588
0.3466586884617841,-16.906403369863369
0.34598780123835837,-16.906403369863369
0.34598780123835837,-17.156572037893852
0.34531691401493259,-17.156572037893852
0.34531691401493259,-17.39675444384352
0.34333217738189648,-17.39675444384352
0.34333217738189648,-17.647179169876267
0.34266129015847069,-17.647179169876267
0.34266129015847069,-18.127774433977379
0.3419904029350449,-18.127774433977379
0.34131951571161928,-18.378199160010126
0.34064862848819349,-18.378199160010126
0.34064862848819349,-18.858768818310978
0.33997710497999728,-18.858768818310978
0.33997710497999728,-19.098951224260645
0.337992368346961,-19.098951224260645
0.337992368346961,-19.349119892291242
0.33732148112353522,-19.349119892291242
0.33732148112353522,-19.589558356242947
0.3359796852288825,-19.589558356242947
0.33530879800545671,-19.8297407621925
0.33530879800545671,-20.080165488225248
0.3346658644163405,-20.080165488225248
0.3346658644163405,-20.320347894174915
0.33399497719291488,-20.320347894174915
0.33399497719291488,-20.560530300124469
0.33399497719291488,-20.320347894174915
0.33332408996948909,-20.320347894174915
0.33332408996948909,-20.560530300124469
0.33265320274606308,-20.560530300124469
0.33265320274606308,-20.810698968155062
0.33198231552263729,-20.810698968155062
0.33198231552263729,-21.050881374104733
0.33198231552263729,-20.810698968155062
0.3306684732622942,-20.810698968155062
0.3306684732622942,-21.050881374104733
0.32999758603886842,-21.050881374104733
0.32999758603886842,-21.291063780054287
0.32932692759198923,-21.5339604008268
0.32798513884660369,-21.5339604008268
0.32798513884660369,-21.78412906885751
0.32731425162317768,-21.78412906885751
0.32731425162317768,-22.024311474807178
0.32667131803406141,-22.024311474807178
0.32667131803406141,-22.264493880756731
0.3260004308106359,-22.264493880756731
0.3260004308106359,-22.514662548787442
0.32398774054329021,-22.514662548787442
0.32398774054329021,-22.754844954736999
0.32331685331986448,-22.754844954736999
0.32331685331986448,-22.995027360686549
0.32200301105952128,-22.995027360686549
0.32200301105952128,-23.245452086719297
0.32133212383609527,-23.485634492668964
0.32133212383609527,-23.725816898618518
0.31864853204678978,-23.725816898618518
0.31864853204678978,-23.965999304568072
0.31800559845767368,-23.965999304568072
0.31800559845767368,-23.725816898618518
0.31666380256302079,-23.725816898618518
0.315992915339595,-23.965999304568072
0.31532202811616927,-23.965999304568072
0.31532202811616927,-24.216167972598782
0.31465114089274371,-24.216167972598782
0.31465114089274371,-24.45635037854845
0.31398025366931792,-24.45635037854845
0.31398025366931792,-24.946957510530751
0.3133373200802016,-24.946957510530751
0.3133373200802016,-25.187139916480305
0.3133373200802016,-24.946957510530751
0.31266643285677559,-24.946957510530751
0.31266643285677559,-24.696532784498004
0.3113246369621232,-24.696532784498004
0.3113246369621232,-24.946957510530751
0.31065374973869719,-24.946957510530751
0.31065374973869719,-25.187139916480305
0.30866901310566108,-25.187139916480305
0.30866901310566108,-25.427322322429859
0.30531452694366279,-25.427322322429859
0.30531452694366279,-25.667504728379527
0.30467159335454652,-25.667504728379527
0.30467159335454652,-25.91767339641024
0.30400070613112068,-25.91767339641024
0.30400070613112068,-26.157855802359791
0.30332981890769489,-26.157855802359791
0.30332981890769489,-25.91767339641024
0.30265893168426911,-25.91767339641024
0.30265893168426911,-26.157855802359791
0.3000032935292733,-26.157855802359791
0.30000292176738469,-26.400189095527367
0.29866113302199898,-26.400189095527367
0.29866113302199898,-26.160006689577926
0.29799024579857342,-26.160006689577926
0.29731935857514769,-26.400189095527367
0.2966764249860312,-26.650613821560228
0.29600553776260558,-26.650613821560228
0.29533465053917979,-26.400189095527367
0.29533465053917979,-26.650613821560228
0.294663763315754,-26.650613821560228
0.294663763315754,-27.131183479861196
0.29399287609232821,-27.131183479861196
0.29399287609232821,-27.381352147891789
0.29399287609232821,-27.131183479861196
0.29332198886890248,-26.891001073911525
0.29332198886890248,-26.650818667961971
0.29267905527978638,-26.650818667961971
0.29267905527978638,-26.891001073911525
0.29200816805636037,-26.891001073911525
0.29200816805636037,-27.131183479861196
0.29133728083293481,-27.131183479861196
0.29133728083293481,-27.381352147891789
0.289324583416322,-27.381352147891789
0.289324583416322,-27.621534553841343
0.28801074830524581,-27.621534553841343
0.28801074830524581,-27.861716959791011
0.28666895241059298,-27.861716959791011
0.28666895241059298,-27.621534553841343
0.28599806518716719,-27.621534553841343
0.28599806518716719,-27.861716959791011
0.28532717796374157,-27.861716959791011
0.28532717796374157,-28.101899365740564
0.28465629074031579,-28.101899365740564
0.28465629074031579,-28.352324091773312
0.2806588638399341,-28.352324091773312
0.2806588638399341,-28.592506497722862
0.27867412720689771,-28.592506497722862
0.27867412720689771,-28.842675165753576
0.27800323998347221,-28.842675165753576
0.27800323998347221,-29.082857571703244
0.27666145123808672,-29.082857571703244
0.27666145123808672,-29.323039977652801
0.27601851764897017,-29.323039977652801
0.27601851764897017,-29.563222383602351
0.27534763042554439,-29.563222383602351
0.27534763042554439,-29.813647109635209
0.2746767432021186,-29.813647109635209
0.2746767432021186,-29.563222383602351
0.27400585597869281,-29.563222383602351
0.27400585597869281,-29.323039977652801
0.27266406008404021,-29.323039977652801
0.27266406008404021,-29.813621503834952
0.27199317286061442,-29.813621503834952
0.27199317286061442,-30.054059967786543
0.27067933060027127,-30.054059967786543
0.27000872219826139,-30.055186622995961
0.27000872219826139,-30.295369028945515
0.26866692630360878,-30.295369028945515
0.26866692630360878,-30.535551434895069
0.26668160343067182,-30.535551434895069
0.26668160343067182,-31.026132961077337
0.26466891316332619,-31.026132961077337
0.26466891316332619,-31.266315367026777
0.2613144270013279,-31.266315367026777
0.2613144270013279,-31.516484035057488
0.2613144270013279,-31.266315367026777
0.25932969036829179,-31.266315367026777
0.25932969036829179,-31.516484035057488
0.258658803144866,-31.756666441007155
0.25798791592144021,-31.756666441007155
0.25731702869801443,-31.516484035057488
0.25664614147458858,-31.516484035057488
0.25664614147458858,-31.997079299158717
0.25533229921424527,-31.997079299158717
0.25533229921424527,-31.756640835207008
0.25466141199081949,-31.516458429257341
0.25466141199081949,-31.266289761226744
0.25399052476739392,-31.266289761226744
0.25399052476739392,-31.516458429257341
0.2533196375439683,-31.516458429257341
0.2533196375439683,-31.997053693358453
0.25264875032054251,-31.997053693358453
0.25264875032054251,-31.756615229406862
0.2513349152094661,-31.756615229406862
0.2513349152094661,-31.997053693358453
0.2493222249421205,-31.997053693358453
0.2493222249421205,-31.756615229406862
0.24733748830908439,-31.756615229406862
0.24733748830908439,-31.997053693358453
0.2466666010856586,-31.997053693358453
0.2466666010856586,-31.756615229406862
0.2413273782906242,-31.756615229406862
0.2413273782906242,-31.516432823457308
0.24065649106719841,-31.516432823457308
0.23931498829249609,-31.516509640857976
0.23931498829249609,-31.756692046807416
0.23800115318141959,-31.756692046807416
0.23800115318141959,-31.997130510759121
0.23733026595799411,-31.997130510759121
0.23733026595799411,-32.247555236791868
0.2366593787345683,-32.247555236791868
0.2366593787345683,-31.756948104809567
0.23598849151114251,-31.756948104809567
0.23598849151114251,-31.516765698860013
0.2353176042877167,-31.266597030829303
0.2346746706986004,-31.516765698860013
0.2346746706986004,-31.756948104809567
0.2340037834751747,-31.756948104809567
0.2340037834751747,-31.997386568761272
0.2340037834751747,-31.756948104809567
0.23199109320782901,-31.756948104809567
0.23199109320782901,-31.997386568761272
0.2313202059844032,-31.997386568761272
0.2313202059844032,-31.756948104809567
0.23000636372406011,-31.756948104809567
0.23000636372406011,-31.516765698860013
0.22866456782940719,-31.516765698860013
0.22866456782940719,-31.756948104809567
0.22665187756206179,-31.756948104809567
0.22598099033863581,-31.997386568761272
0.22466714807829241,-31.997386568761272
0.22466714807829241,-31.756948104809567
0.22198356343825409,-31.756948104809567
0.22198356343825409,-31.516765698860013
0.2213406298491378,-31.516765698860013
0.2213406298491378,-31.756948104809567
0.22066974262571201,-31.756948104809567
0.22066974262571201,-31.997386568761272
0.2199988554022862,-31.997386568761272
0.2199988554022862,-31.756948104809567
0.21932796817886069,-31.756948104809567
0.21932796817886069,-31.516765698860013
0.2186570809554349,-31.756948104809567
0.2186570809554349,-31.997386568761272
0.21798619373200909,-31.997386568761272
0.21798619373200909,-32.247811294794019
0.2173432601428926,-32.247811294794019
0.2173432601428926,-31.757204162811721
0.216672372919467,-31.757204162811721
0.216672372919467,-31.51702175686205
0.2160014856960415,-31.51702175686205
0.2160014856960415,-31.757204162811721
0.21533059847261549,-31.757204162811721
0.21533059847261549,-32.247811294794019
0.2146597112491897,-32.247811294794019
0.2146597112491897,-31.997386568761272
0.2113331787215007,-31.997386568761272
0.2113331787215007,-32.247811294794019
0.21133287845228341,-31.997181722359755
0.20999108255763069,-31.997181722359755
0.20999108255763069,-31.756743258408051
0.20999108255763069,-31.997181722359755
0.2033380246515199,-31.997181722359755
0.20266713742809411,-31.756743258408051
0.2019962502046686,-31.756743258408051
0.2019962502046686,-31.997181722359755
0.20068240794432499,-31.997181722359755
0.20068240794432499,-32.237364128309203
0.20001152072089939,-32.237364128309203
0.20001152072089939,-32.487788854342057
0.19934063349747361,-32.487788854342057
0.19934063349747361,-32.727971260291611
0.19866974627404779,-32.727971260291611
0.19866974627404779,-32.237389734109456
0.19799885905062209,-32.237389734109456
0.19799885905062209,-31.997207328159902
0.1973279718271965,-31.756768864208201
0.19665708460377071,-31.997207328159902
0.19665708460377071,-32.237389734109456
0.19601415101465419,-32.237389734109456
0.19601415101465419,-32.487814460142317
0.19601415101465419,-32.237389734109456
0.1920167169650055,-32.237389734109456
0.1920167169650055,-31.997207328159902
0.19067492821961959,-31.997207328159902
0.19067492821961959,-32.237389734109456
0.18533570542458541,-32.237389734109456
0.18533570542458541,-31.997207328159902
0.18399390952993269,-31.997207328159902
0.18399390952993269,-31.756768864208201
0.1833509759408162,-31.756768864208201
0.1833509759408162,-31.997207328159902
0.1826800887173905,-31.997207328159902
0.1826800887173905,-32.237389734109456
0.18200920149396471,-32.237389734109456
0.18200893697108261,-31.997156116559381
0.1813380497476571,-31.997156116559381
0.1813380497476571,-31.75671765260779
0.18066716252423129,-31.997156116559381
0.18066716252423129,-32.237338522509049
0.1799962753008055,-32.237338522509049
0.1799962753008055,-32.487763248541803
0.17935334171168921,-32.487763248541803
0.17935334171168921,-31.997181722359755
0.17868245448826339,-31.997181722359755
0.17868245448826339,-31.756743258408051
0.17801156726483769,-31.756743258408051
0.17801156726483769,-31.997181722359755
0.1773406800414119,-31.997181722359755
0.1773406800414119,-32.237364128309203
0.17666979281798631,-32.237364128309203
0.17666979281798631,-31.997181722359755
0.17468505618495,-31.997181722359755
0.17468505618495,-32.237364128309203
0.17334326029029731,-32.237364128309203
0.17334326029029731,-31.997181722359755
0.1720014715449116,-31.997181722359755
0.1720014715449116,-31.756743258408051
0.1720014715449116,-31.997181722359755
0.1660193008622266,-31.997181722359755
0.1660193008622266,-31.756743258408051
0.1646775121168409,-31.756743258408051
0.1646775121168409,-31.516560852458383
0.16400662489341511,-31.516560852458383
0.16400662489341511,-31.756743258408051
0.16266482899876239,-31.756743258408051
0.16266482899876239,-31.997181722359755
0.16132304025337671,-31.997181722359755
0.16132304025337671,-32.237364128309203
0.15998124435872399,-32.237364128309203
0.15998124435872399,-31.756768864208201
0.15931035713529829,-31.756768864208201
0.15931035713529829,-31.266187338025929
0.15863946991187269,-31.266187338025929
0.15863946991187269,-31.756768864208201
0.15796858268844671,-31.756768864208201
0.15796858268844671,-31.997207328159789
0.15732564909933039,-31.997207328159789
0.15732564909933039,-31.756768864208201
0.1566547618759046,-31.756768864208201
0.1566547618759046,-31.997207328159789
0.1546420716085592,-31.997207328159789
0.1546420716085592,-31.756768864208201
0.15397118438513341,-31.756768864208201
0.15397118438513341,-31.51658645825853
0.1526573421247901,-31.51658645825853
0.1526573421247901,-31.756768864208201
0.15198617607994791,-31.997181722359642
0.1500014394469118,-31.997181722359642
0.1500014394469118,-31.756743258407937
0.1500014394469118,-31.997181722359642
0.14865964355225891,-31.997181722359642
0.14865964355225891,-31.756743258407937
0.14530515739026079,-31.756743258407937
0.14530515739026079,-31.516560852458383
0.14530515739026079,-31.756743258407937
0.1446622238011443,-31.756743258407937
0.1446622238011443,-31.997181722359642
0.14399133657771879,-31.997181722359642
0.14399133657771879,-31.756743258407937
0.143320449354293,-31.756743258407937
0.143320449354293,-31.516560852458383
0.14264956213086721,-31.516560852458383
0.14264956213086721,-31.756743258407937
0.1419786749074414,-31.756743258407937
0.1419786749074414,-31.997181722359642
0.1413357413183251,-31.997181722359642
0.1413357413183251,-31.756743258407937
0.14063690046058999,-31.756743258407937
0.14063690046058999,-31.516560852458383
0.1399939668714735,-31.266392184427676
0.1399939668714735,-31.516560852458383
0.1393230796480478,-31.516560852458383
0.1393230796480478,-31.997156116559381
0.13865219242462201,-31.997156116559381
0.13865219242462201,-31.75671765260779
0.1366674557915861,-31.75671765260779
0.1366674557915861,-31.997156116559381
0.13532566704620019,-31.997156116559381
0.13532566704620019,-31.75671765260779
0.13331296962958761,-31.75671765260779
0.13331296962958761,-31.997156116559381
0.12931554272920581,-31.997156116559381
0.12931554272920581,-31.75671765260779
0.1280017076181296,-31.75671765260779
0.1280017076181296,-31.997156116559381
0.12733082039470389,-31.997156116559381
0.12733082039470389,-31.75671765260779
0.1253181301273584,-31.75671765260779
0.1253181301273584,-31.997156116559381
0.1233333934943221,-31.997156116559381
0.1233333934943221,-32.237338522509049
0.1226625062708963,-32.237338522509049
0.1226625062708963,-32.487763248541803
0.1219916047489364,-32.488044912344094
0.1219916047489364,-32.247862506394426
0.1213207175255108,-31.997437780361679
0.1213207175255108,-31.756999316409971
0.120649830302085,-31.756999316409971
0.120649830302085,-31.997437780361679
0.11997894307865931,-31.997437780361679
0.11997894307865931,-32.247862506394426
0.11997894307865931,-31.997437780361679
0.1173233120729304,-31.997437780361679
0.1173233120729304,-32.247862506394426
0.1166524248495046,-32.247862506394426
0.1166524248495046,-31.997437780361679
0.1159815376260788,-31.997437780361679
0.1159815376260788,-31.756999316409971
0.1146676953657355,-31.756999316409971
0.1146676953657355,-31.997437780361679
0.1119841107256971,-31.997437780361679
0.1119841107256971,-31.756999316409971
0.1119841107256971,-31.997437780361679
0.11067026846535349,-31.997437780361679
0.11067026846535349,-31.756999316409971
0.10731578230335539,-31.756999316409971
0.10731578230335539,-31.51681691046042
0.10731578230335539,-31.756999316409971
0.1066728487142389,-31.756999316409971
0.1066728487142389,-31.997437780361679
0.1060019614908134,-31.997437780361679
0.1060019614908134,-31.756999316409971
0.10533107426738759,-31.756999316409971
0.10533107426738759,-31.51681691046042
0.10466018704396179,-31.51681691046042
0.10466018704396179,-31.756999316409971
0.10398929982053599,-31.756999316409971
0.10398929982053599,-32.247606448392389
0.1033184125971105,-32.247606448392389
0.1033184125971105,-31.997181722359642
0.1026475253736847,-31.997181722359642
0.1026475253736847,-31.756743258407937
0.10200459178456819,-31.516560852458383
0.10200459178456819,-31.756743258407937
0.10133370456114239,-31.756743258407937
0.10133370456114239,-31.997181722359642
0.1006628173377168,-31.997181722359642
0.1006628173377168,-31.756743258407937
0.097336284810027804,-31.756743258407937
0.097336284810027804,-31.997181722359642
0.096665397586602295,-31.997181722359642
0.096665397586602295,-31.756743258407937
0.095323322870532995,-31.756743258407937
0.095323322870532995,-31.997181722359642
0.093338586237496898,-31.997181722359642
0.092667570327263596,-32.238362754517766
0.091996683103837906,-32.238362754517766
0.091325795880412106,-31.998180348568209
0.0899839999857594,-31.998180348568209
0.0899839999857594,-32.238362754517766
0.089341066396643104,-32.238362754517766
0.089341066396643104,-31.998180348568209
0.087999270501990301,-31.998180348568209
0.087999270501990301,-32.238362754517766
0.086657474607337401,-32.238362754517766
0.086657474607337401,-32.488787480550513
0.0853436323469942,-32.488787480550513
0.0853436323469942,-32.728969886500067
0.084672745123568399,-32.728969886500067
0.084672745123568399,-32.969152292449735
0.084001857900142696,-32.969152292449735
0.084001857900142696,-32.728969886500067
0.083330970676717103,-32.728969886500067
0.083330970676717103,-32.488787480550513
0.082660083453291094,-32.488787480550513
0.082660083453291094,-32.728969886500067
0.081989196229865502,-32.969152292449735
0.081346262640749206,-32.969152292449735
0.081346262640749206,-33.219577018482482
0.080004466746096403,-33.219577018482482
0.080004466746096403,-33.459759424432043
0.0773488357403673,-33.459759424432043
0.0773488357403673,-33.700197888383741
0.076677948516941499,-33.700197888383741
0.076677948516941499,-33.950366556414451
0.076007061293515907,-33.950366556414451
0.076007061293515907,-34.190548962364005
0.075336174070090106,-34.190548962364005
0.075336174070090106,-34.430731368313559
0.073994378175437303,-34.430731368313559
0.073994378175437303,-34.670913774263227
0.073323490952011697,-34.670913774263227
0.073323490952011697,-34.921082442293823
0.072680557362895207,-34.921082442293823
0.072680557362895207,-35.161264848243491
0.0720096701394696,-35.161264848243491
0.0720096701394696,-35.401703312195082
0.071338782916043897,-35.401703312195082
0.070667895692618096,-35.652128038227829
0.069997008469192504,-35.652128038227829
0.069997008469192504,-35.892310444177497
0.069326121245766495,-35.892310444177497
0.069326121245766495,-36.132492850127051
0.068683187656650199,-36.132492850127051
0.068683187656650199,-36.863359205459687
0.068012300433224704,-36.863359205459687
0.068012300433224704,-37.103797669411392
0.066670504538571804,-37.103797669411392
0.066670504538571804,-37.594379195593433
0.065999617315146003,-37.594379195593433
0.065999617315146003,-38.084960721775587
0.065328730091720202,-38.325143127725255
0.064014894980643999,-38.325143127725255
0.064014894980643999,-38.815750259707563
0.063344007757218199,-39.05593266565711
0.063343893368944901,-39.056880080265387
0.063343893368944901,-39.78774643559791
0.0626730061455191,-39.78774643559791
0.0626730061455191,-40.027928841547578
0.0619741652877841,-40.027928841547578
0.0619741652877841,-40.278097509578288
0.061331231698667797,-40.278097509578288
0.061331231698667797,-40.518279915527842
0.060660344475241802,-40.518279915527842
0.060660344475241802,-40.998875179628953
0.059989457251816203,-41.249043847659664
0.059989457251816203,-41.979910202992187
0.059318570028390402,-41.979910202992187
0.059318570028390402,-42.460505467093412
0.058647682804964602,-42.460505467093412
0.058647682804964602,-40.998747150627878
0.057976795581538898,-40.75856474467821
0.057976795581538898,-29.324832383667854
0.057333861992422602,-28.593966028335331
